status,title,artists,album,audio_path,audio_url,file_path
"Not uploaded","!!!!!!!","Billie Eilish","WHEN WE ALL FALL ASLEEP, WHERE DO WE GO?","","",""
"Not uploaded","(New Wave) Polly - BBC Mark Goodier Session","Nirvana","Incesticide","","",""
"Not uploaded","1-10","Jamesy","SELFMADE","","",""
"Not uploaded","1000 Nights (feat. Meek Mill & A Boogie Wit da Hoodie)","Ed Sheeran, Meek Mill, A Boogie Wit da Hoodie","No.6 Collaborations Project","","",""
"Not uploaded","14 Years","Guns N' Roses","Use Your Illusion II","","",""
"Not uploaded","14 Years - 2022 Remaster","Guns N' Roses","Use Your Illusion II (Deluxe Edition)","","",""
"Not uploaded","14 Years - 2022 Remaster","Guns N' Roses","Use Your Illusion (Super Deluxe)","","",""
"Not uploaded","14 Years - Live In London - August 31, 1991","Guns N' Roses","Use Your Illusion II (Deluxe Edition)","","",""
"Not uploaded","21st Century","Red Hot Chili Peppers","Stadium Arcadium","","",""
"Not uploaded","24","Kanye West","Donda (Deluxe)","","",""
"Not uploaded","24","Kanye West","Donda","","",""
"Not uploaded","2step","Ed Sheeran","= (Tour Edition)","","",""
"Not uploaded","2step","Ed Sheeran","=","","",""
"Not uploaded","2step","Ed Sheeran","songs I wrote that almost didn't make it","","",""
"Not uploaded","2step (Star.One Remix)","Ed Sheeran, Star.One","2step (The Remixes)","","",""
"Not uploaded","2step (feat. 1.Cuz)","Ed Sheeran, 1.Cuz","2step (The Remixes)","","",""
"Not uploaded","2step (feat. Antytila)","Ed Sheeran, АНТИТІЛА","2step (The Remixes)","","",""
"Not uploaded","2step (feat. Armaan Malik)","Ed Sheeran, Armaan Malik","2step (The Remixes)","","",""
"Not uploaded","2step (feat. Armaan Malik)","Ed Sheeran, Armaan Malik","2step (feat. Armaan Malik)","","",""
"Not uploaded","2step (feat. Budjerah)","Ed Sheeran, Budjerah","2step (The Remixes)","","",""
"Not uploaded","2step (feat. Denise Chaila)","Ed Sheeran, Denise Chaila","2step (The Remixes)","","",""
"Not uploaded","2step (feat. Denise Chaila)","Ed Sheeran, Denise Chaila","2step (feat. Denise Chaila)","","",""
"Not uploaded","2step (feat. Ellinoora)","Ed Sheeran, Ellinoora","2step (The Remixes)","","",""
"Not uploaded","2step (feat. Leto)","Ed Sheeran, Leto","2step (The Remixes)","","",""
"Not uploaded","2step (feat. Lil Baby)","Ed Sheeran, Lil Baby","= (Tour Edition)","","",""
"Not uploaded","2step (feat. Lil Baby)","Ed Sheeran, Lil Baby","2step (The Remixes)","","",""
"Not uploaded","2step (feat. Lil Baby)","Ed Sheeran, Lil Baby","2step (feat. Denise Chaila)","","",""
"Not uploaded","2step (feat. Lil Baby)","Ed Sheeran, Lil Baby","2step (feat. Quevedo)","","",""
"Not uploaded","2step (feat. Lil Baby)","Ed Sheeran, Lil Baby","2step (feat. Armaan Malik)","","",""
"Not uploaded","2step (feat. Lil Baby)","Ed Sheeran, Lil Baby","2step (feat. reezy)","","",""
"Not uploaded","2step (feat. Potter Payper)","Ed Sheeran, Potter Payper","2step (The Remixes)","","",""
"Not uploaded","2step (feat. Quevedo)","Ed Sheeran, Quevedo","2step (The Remixes)","","",""
"Not uploaded","2step (feat. Quevedo)","Ed Sheeran, Quevedo","2step (feat. Quevedo)","","",""
"Not uploaded","2step (feat. Ultimo)","Ed Sheeran, Ultimo","2step (The Remixes)","","",""
"Not uploaded","2step (feat. reezy)","Ed Sheeran, reezy","2step (The Remixes)","","",""
"Not uploaded","2step (feat. reezy)","Ed Sheeran, reezy","2step (feat. reezy)","","",""
"Not uploaded","30 Hours","Kanye West","The Life Of Pablo","","",""
"Not uploaded","3AM","YABI The G.O.A.T","3AM","","",""
"Uploaded","4:44","JAŸ-Z","4:44","public/songs/JAŸ-Z/4_44/4_44.mp3","/songs/JA%C5%B8-Z/4_44/4_44.mp3","D:\vinyl-demo\public\songs\JAŸ-Z\4_44\4_44.mp3"
"Not uploaded","4th Dimension","KIDS SEE GHOSTS, Louis Prima","KIDS SEE GHOSTS","","",""
"Not uploaded","530","DONDA, Kanye West, Ye","DONDA 2","","",""
"Not uploaded","530","¥$, Kanye West, Ty Dolla $ign","VULTURES 2","","",""
"Uploaded","6 Foot 7 Foot","Lil Wayne","","public/songs/Lil Wayne/6 Foot 7 Foot.mp3","/songs/Lil%20Wayne/6%20Foot%207%20Foot.mp3","D:\vinyl-demo\public\songs\Lil Wayne\6 Foot 7 Foot.mp3"
"Uploaded","7 Years","Lukas Graham","","public/songs/Lukas Graham/7 Years.mp3","/songs/Lukas%20Graham/7%20Years.mp3","D:\vinyl-demo\public\songs\Lukas Graham\7 Years.mp3"
"Not uploaded","7969 Santa","Drake","For All The Dogs","","",""
"Not uploaded","8","Billie Eilish","WHEN WE ALL FALL ASLEEP, WHERE DO WE GO?","","",""
"Not uploaded","9841","Sajjan Raj Vaidya","9841","","",""
"Not uploaded","A Beautiful Game","Ed Sheeran","A Beautiful Game","","",""
"Not uploaded","A Certain Someone","Red Hot Chili Peppers","Tell Me Baby","","",""
"Not uploaded","A Little More","Ed Sheeran","Play (Extended Edition)","","",""
"Not uploaded","A Little More","Ed Sheeran","Play","","",""
"Not uploaded","A Little More","Ed Sheeran","A Little More","","",""
"Not uploaded","A Little More","Ed Sheeran","Play (Deluxe)","","",""
"Not uploaded","A Little More - Unplugged","Ed Sheeran","A Little More (Unplugged)","","",""
"Not uploaded","A Teenager in Love - 2012 Remaster","Red Hot Chili Peppers","Rock & Roll Hall of Fame Covers - EP","","",""
"Not uploaded","A love letter to Darjeeling","Purna Rai","A love letter to Darjeeling","","",""
"Not uploaded","ABSUЯD","Guns N' Roses","ABSUЯD","","",""
"Not uploaded","AJA RAAT","Jamesy","SELFMADE","","",""
"Not uploaded","AJAVOLI","YABI The G.O.A.T, Bluesss","AJAVOLI","","",""
"Uploaded","ALL THE LOVE","Kanye West, Ye","BULLY","public/songs/Kanye West/BULLY/ALL THE LOVE.mp3","/songs/Kanye%20West/BULLY/ALL%20THE%20LOVE.mp3","D:\vinyl-demo\public\songs\Kanye West\BULLY\ALL THE LOVE.mp3"
"Not uploaded","AMSTERDAM","Jamesy","RISKTAPE","","",""
"Not uploaded","ASAHD AND AALAM CLOTH TALK","DJ Khaled","GOD DID","","",""
"Not uploaded","Aa Budi","Chirag Khadka","Jay Shamboo","","",""
"Not uploaded","Aafnai Baato","Purna Rai","Aafnai Baato","","",""
"Not uploaded","Aago Ko Jhilko","Chirag Khadka","Aago Ko Jhilko","","",""
"Not uploaded","Aaja Matra","Sajjan Raj Vaidya","Malaai Chaana Na","","",""
"Not uploaded","Aaja Matra","Sajjan Raj Vaidya","Aaja Matra","","",""
"Not uploaded","Aakhale","Yabesh Thapa, TWK","Aakhale","","",""
"Not uploaded","Aama","Sushant KC","Blue Figments","","",""
"Not uploaded","Aandhii (Sagar Agadi)","Bartika Eam Rai","Aandhii, Ityaadi","","",""
"Not uploaded","Aasha","Sushant KC","Aasha","","",""
"Not uploaded","Aashaa (II)","Bartika Eam Rai","Taral","","",""
"Not uploaded","Aattinchey","DJ Bishow, Yabesh Thapa, Vek, Bizen","PROJECT COLLABORATION (DELUXE)","","",""
"Not uploaded","Aattinchey","DJ Bishow, Yabesh Thapa, Bizen, Vek","PROJECT COLLABORATION","","",""
"Not uploaded","Aattinchey","DJ Bishow, Yabesh Thapa, Vek, Bizen","Aattinchey","","",""
"Not uploaded","Aau Timi","Durga Kharel","Chapali Height(Original Motion Picture Soundtrack)","","",""
"Not uploaded","Aayen Ma","Sajjan Raj Vaidya","Aayen Ma","","",""
"Not uploaded","Abhimaan","Albatross","Atti Bhayo","","",""
"Not uploaded","Abhimaan - Acoustic","Albatross","Barahsinghe Acoustic Sessions","","",""
"Not uploaded","Abhiman - Lockdown","Albatross","Abhiman (Lockdown)","","",""
"Not uploaded","About A Girl","Nirvana","Bleach (Deluxe Edition)","","",""
"Not uploaded","About A Girl","Nirvana","Bleach","","",""
"Not uploaded","About A Girl","Nirvana","Nirvana","","",""
"Not uploaded","About A Girl (Live at Pine Street Theatre)","Nirvana","Bleach (Deluxe Edition)","","",""
"Not uploaded","About A Girl - 1992/Live at Reading","Nirvana","Live at Reading","","",""
"Not uploaded","About A Girl - Home Demo","Nirvana","Sliver - The Best Of The Box","","",""
"Not uploaded","About A Girl - Home Demo","Nirvana","With The Lights Out - Box Set","","",""
"Not uploaded","About A Girl - Live","Nirvana","MTV Unplugged In New York (25th Anniversary)","","",""
"Not uploaded","About A Girl - Live","Nirvana","MTV Unplugged In New York","","",""
"Not uploaded","About A Girl - Live & Loud","Nirvana","Live And Loud","","",""
"Not uploaded","About A Girl - Live At The Paramount/1991","Nirvana","Live At The Paramount","","",""
"Not uploaded","About A Girl - Live In Amsterdam, Netherlands/1991","Nirvana","Nevermind (30th Anniversary Super Deluxe)","","",""
"Not uploaded","About A Girl - Live In Del Mar, California/1991","Nirvana","Nevermind (30th Anniversary Super Deluxe)","","",""
"Not uploaded","About A Girl - Live In Los Angeles, Great Western Forum - December 30, 1993","Nirvana","In Utero (30th Anniversary Super Deluxe)","","",""
"Not uploaded","About A Girl - Live In Melbourne, Australia For Triple J/1992","Nirvana","Nevermind (30th Anniversary Super Deluxe)","","",""
"Uploaded","Ace Trumpets","Clipse","Let God Sort Em Out","public/songs/Clipse/Let God Sort Em Out/Ace Trumpets.mp3","/songs/Clipse/Let%20God%20Sort%20Em%20Out/Ace%20Trumpets.mp3","D:\vinyl-demo\public\songs\Clipse\Let God Sort Em Out\Ace Trumpets.mp3"
"Not uploaded","Action Mara Beat","Dj khalipha","Action Mara Beat","","",""
"Not uploaded","Actually Romantic","Taylor Swift","The Life of a Showgirl","","",""
"Not uploaded","Actually Romantic","Taylor Swift","The Life of a Showgirl + Acoustic Collection","","",""
"Not uploaded","Addiction","Kanye West","Late Registration","","",""
"Not uploaded","Adhar","Albatross","Ma Ra Malai","","",""
"Not uploaded","Adhuro Kura","Tribal Rain","Adhuro Kura","","",""
"Not uploaded","Adhuro Prem","AXIX","Black and White","","",""
"Not uploaded","Adrenaline Street House Beat","Dj khalipha","Adrenaline Street House Beat","","",""
"Not uploaded","Adrenaline street house beat","Dj khalipha","Streetline","","",""
"Not uploaded","Adriano Ta Me Ouvindo","Dj Thales Jql","Barulho Jql","","",""
"Not uploaded","Ae Mutu","Yabesh Thapa, Zeroo","Ae Mutu","","",""
"Not uploaded","Aero Zeppelin","Nirvana","Incesticide","","",""
"Not uploaded","Aeroplane","Red Hot Chili Peppers","One Hot Minute (Deluxe Edition)","","",""
"Not uploaded","Aeroplane","Red Hot Chili Peppers","One Hot Minute","","",""
"Not uploaded","Aeroplane","Red Hot Chili Peppers","The Studio Album Collection 1991 - 2011","","",""
"Not uploaded","Afire Love","Ed Sheeran","x (10th Anniversary Edition)","","",""
"Not uploaded","Afire Love","Ed Sheeran","x (Wembley Edition)","","",""
"Not uploaded","Afire Love","Ed Sheeran","x (Deluxe Edition)","","",""
"Not uploaded","Afnai Sansar Ma Kina","Albatross","Ma Ra Malai","","",""
"Not uploaded","Afrowave","Dj khalipha","Limitless","","",""
"Not uploaded","Afterglow","Ed Sheeran","+-=÷× (Tour Collection: Live)","","",""
"Not uploaded","Afterglow","Ed Sheeran","+-=÷× (Tour Collection)","","",""
"Not uploaded","Afterglow","Ed Sheeran","= (Tour Edition)","","",""
"Not uploaded","Afterglow - Live","Ed Sheeran","+-=÷× (Tour Collection: Live)","","",""
"Not uploaded","Afterlife","Red Hot Chili Peppers","Return of the Dream Canteen","","",""
"Not uploaded","Ai meu caraio torto","Dj Thales Jql, DJ DIDI","Ai meu caraio torto","","",""
"Not uploaded","Ain't Goin' Down No More - Instrumental Version \ 1986 Sound City Session","Guns N' Roses","Appetite For Destruction (Super Deluxe Edition)","","",""
"Not uploaded","Ain't It A Shame - Demo","Nirvana","Sliver - The Best Of The Box","","",""
"Not uploaded","Ain't It A Shame - Demo","Nirvana","With The Lights Out - Box Set","","",""
"Not uploaded","Ain't It Fun","Guns N' Roses","The Spaghetti Incident?","","",""
"Not uploaded","Ain't It Fun","Guns N' Roses","Greatest Hits","","",""
"Not uploaded","Ajhai Pani,","Bartika Eam Rai","Aandhii, Ityaadi","","",""
"Not uploaded","Akorinchhu","Sabin Rai","Rangamanch Ko Rang","","",""
"Not uploaded","Akorinchhu","Sabin Rai","Akorinchhu","","",""
"Not uploaded","Alapatra","Yabesh Thapa","Alapatra","","",""
"Not uploaded","Alikati, Timi","Bartika Eam Rai","Aandhii, Ityaadi","","",""
"Not uploaded","All Apologies","Nirvana","In Utero (Super Deluxe Edition)","","",""
"Not uploaded","All Apologies","Nirvana","In Utero (Deluxe Edition)","","",""
"Not uploaded","All Apologies","Nirvana","In Utero","","",""
"Not uploaded","All Apologies - 1992/Live at Reading","Nirvana","Live at Reading","","",""
"Not uploaded","All Apologies - 2013 Mix","Nirvana","In Utero (Super Deluxe Edition)","","",""
"Not uploaded","All Apologies - 2013 Mix","Nirvana","In Utero (Deluxe Edition)","","",""
"Not uploaded","All Apologies - 2023 Remaster","Nirvana","In Utero (30th Anniversary Super Deluxe)","","",""
"Not uploaded","All Apologies - Demo","Nirvana","In Utero (Super Deluxe Edition)","","",""
"Not uploaded","All Apologies - Demo","Nirvana","In Utero (Deluxe Edition)","","",""
"Not uploaded","All Apologies - Home Demo","Nirvana","Sliver - The Best Of The Box","","",""
"Not uploaded","All Apologies - Live","Nirvana","MTV Unplugged In New York (25th Anniversary)","","",""
"Not uploaded","All Apologies - Live","Nirvana","MTV Unplugged In New York","","",""
"Not uploaded","All Apologies - Live","Nirvana","Nirvana","","",""
"Not uploaded","All Apologies - Live & Loud","Nirvana","Live And Loud","","",""
"Not uploaded","All Apologies - Live In Los Angeles, Great Western Forum - December 30, 1993","Nirvana","In Utero (30th Anniversary Super Deluxe)","","",""
"Not uploaded","All Apologies - Live In Los Angeles, Great Western Forum - December 30, 1993","Nirvana","In Utero 30th Live","","",""
"Not uploaded","All Apologies - Original Steve Albini 1993 Mix","Nirvana","In Utero (Super Deluxe Edition)","","",""
"Not uploaded","All Apologies - Original Steve Albini 1993 Mix","Nirvana","In Utero (Deluxe Edition)","","",""
"Not uploaded","All Eyes On Me","YABI The G.O.A.T","All Eyes On Me","","",""
"Not uploaded","All Falls Down","Kanye West, Syleena Johnson","The College Dropout","","",""
"Not uploaded","All Falls Down - Live At Abbey Road Studios","Kanye West, Syleena Johnson","Late Orchestration","","",""
"Not uploaded","All I Ever Dreamed","Sushant KC","Blue Figments","","",""
"Not uploaded","All Mine","Kanye West","ye","","",""
"Not uploaded","All Of The Lights","Kanye West","My Beautiful Dark Twisted Fantasy","","",""
"Not uploaded","All Of The Lights (Interlude)","Kanye West","My Beautiful Dark Twisted Fantasy","","",""
"Uploaded","All of Me","John Legend","","public/songs/John Legend/All of Me.mp3","/songs/John%20Legend/All%20of%20Me.mp3","D:\vinyl-demo\public\songs\John Legend\All of Me.mp3"
"Not uploaded","All of the Stars","Ed Sheeran","x (10th Anniversary Edition)","","",""
"Not uploaded","All over Me Riddim","Dj khalipha","Rave Sound","","",""
"Uploaded","All the Stars","Kendrick Lamar, SZA","","public/songs/Kendrick Lamar/All the Stars.mp3","/songs/Kendrick%20Lamar/All%20the%20Stars.mp3","D:\vinyl-demo\public\songs\Kendrick Lamar\All the Stars.mp3"
"Not uploaded","Almost Unreal","","Almost Unreal","","",""
"Not uploaded","Alone Again - Live","The Weeknd","Live At SoFi Stadium","","",""
"Not uploaded","Always On The Run - Live In Paris, Hippodrome De Vincennes - June 6, 1992","Guns N' Roses, Lenny Kravitz","Use Your Illusion I (Deluxe Edition)","","",""
"Not uploaded","Amassar o ortobom","DJ DIDI, Dj Thales Jql, DJ Karuso","Amassar o ortobom","","",""
"Not uploaded","Amazing","Ed Sheeran","Autumn Variations (Fan Living Room Sessions)","","",""
"Not uploaded","Amazing","Ed Sheeran","Autumn Variations","","",""
"Not uploaded","Amazing","Kanye West, Jeezy","808s & Heartbreak","","",""
"Not uploaded","Amazing (feat. DJ Khaled)","Mary J. Blige, DJ Khaled","Amazing (feat. DJ Khaled)","","",""
"Not uploaded","Amazing - Live from Kia’s Living Room","Ed Sheeran","Autumn Variations (Fan Living Room Sessions)","","",""
"Not uploaded","Amen (feat. Teezo Touchdown)","Drake, Teezo Touchdown","For All The Dogs","","",""
"Not uploaded","American Ghost Dance - Remastered","Red Hot Chili Peppers","Freaky Styley","","",""
"Not uploaded","American Town","Ed Sheeran","Autumn Variations (Fan Living Room Sessions)","","",""
"Not uploaded","American Town","Ed Sheeran","Autumn Variations","","",""
"Not uploaded","American Town - Live from Kari’s Living Room","Ed Sheeran","Autumn Variations (Fan Living Room Sessions)","","",""
"Not uploaded","Amigo","Were, Dj Khala","Amigo","","",""
"Not uploaded","Ana bikhayr","Jamesy","Ana bikhayr","","",""
"Not uploaded","Anaadi","Oasis Thapa","Anaadi","","",""
"Not uploaded","Anaavashyak","Samir Shrestha, Beyond the Clouds","Anaavashyak","","",""
"Not uploaded","Andhakar Ko Ujyalo","Samir Shrestha","Andhakar Ko Ujyalo","","",""
"Not uploaded","Aneurysm","Nirvana","Incesticide","","",""
"Not uploaded","Aneurysm","Nirvana","Nevermind (Super Deluxe Edition)","","",""
"Not uploaded","Aneurysm","Nirvana","Nevermind (Deluxe Edition)","","",""
"Not uploaded","Aneurysm","Nirvana","With The Lights Out - Box Set","","",""
"Not uploaded","Aneurysm - 1992/Live at Reading","Nirvana","Live at Reading","","",""
"Not uploaded","Aneurysm - Live At The Paramount/1991","Nirvana","Live At The Paramount","","",""
"Not uploaded","Aneurysm - Live In Amsterdam, Netherlands/1991","Nirvana","Nevermind (30th Anniversary Super Deluxe)","","",""
"Not uploaded","Aneurysm - Live In Del Mar, California/1991","Nirvana","Nevermind (30th Anniversary Super Deluxe)","","",""
"Not uploaded","Aneurysm - Live In Del Mar, California/1991","Nirvana","From The Muddy Banks Of The Wishkah (Live)","","",""
"Not uploaded","Aneurysm - Live In Melbourne, Australia For Triple J/1992","Nirvana","Nevermind (30th Anniversary Super Deluxe)","","",""
"Not uploaded","Animal Bar","Red Hot Chili Peppers","Stadium Arcadium","","",""
"Not uploaded","Annie Wants a Baby","Red Hot Chili Peppers","I'm with You","","",""
"Not uploaded","Anorexorcist - Live","Nirvana","With The Lights Out - Box Set","","",""
"Not uploaded","Anountho Mutu","Sajjan Raj Vaidya","Mooskaan","","",""
"Not uploaded","Antim Bidaai","Oasis Thapa","Antim Bidaai","","",""
"Not uploaded","Antisocial (with Travis Scott)","Ed Sheeran, Travis Scott","No.6 Collaborations Project","","",""
"Not uploaded","Anumati","Bartika Eam Rai","Taral","","",""
"Not uploaded","Anything Goes","Guns N' Roses","Appetite For Destruction (Super Deluxe Edition)","","",""
"Not uploaded","Anything Goes","Guns N' Roses","Appetite For Destruction","","",""
"Not uploaded","Anything Goes - 1986 Sound City Session","Guns N' Roses","Appetite For Destruction (Super Deluxe Edition)","","",""
"Not uploaded","Apache Rose Peacock","Red Hot Chili Peppers","Blood Sugar Sex Magik","","",""
"Not uploaded","Apache Rose Peacock","Red Hot Chili Peppers","The Studio Album Collection 1991 - 2011","","",""
"Not uploaded","Aparibhasit","Swar, Swapnil Sharma, Rohit Shakya","Aparibhasit","","",""
"Not uploaded","Aparibhasit - Piano Version","Swar, Swapnil Sharma, Rohit Shakya","Aparibhasit (Piano Version)","","",""
"Not uploaded","Aparichit Bhawana","Oasis Thapa","Aparichit Bhawana","","",""
"Not uploaded","Apawad","DJ Bishow, Aabhiskar Kc","PROJECT COLLABORATION (DELUXE)","","",""
"Not uploaded","Aquatic Mouth Dance","Red Hot Chili Peppers","Unlimited Love","","",""
"Not uploaded","Around the World","Red Hot Chili Peppers","Californication (Deluxe Edition)","","",""
"Not uploaded","Around the World","Red Hot Chili Peppers","Californication","","",""
"Not uploaded","Around the World","Red Hot Chili Peppers","The Studio Album Collection 1991 - 2011","","",""
"Not uploaded","Arthahin Duniya","Chirag Khadka","Arthahin Duniya","","",""
"Not uploaded","Asha Nirasha","Albatross","Raat Ko Rani","","",""
"Not uploaded","Asha Nirasha","Albatross","Asha Nirasha","","",""
"Not uploaded","Asha Nirasha - Acoustic","Albatross","Barahsinghe Acoustic Sessions","","",""
"Not uploaded","Ashawo Mara - Edit","Rhythim, Dj khalipha","Ashawo Mara (Edit)","","",""
"Not uploaded","Aso Mi Cruise Beat","Dj khalipha","Aso Mi Cruise Beat","","",""
"Not uploaded","Atlas","Guns N' Roses","Atlas","","",""
"Not uploaded","Atteri","Sushant KC","Atteri","","",""
"Not uploaded","Attibidi","Jamesy","Attibidi","","",""
"Not uploaded","Attitude","Guns N' Roses","The Spaghetti Incident?","","",""
"Not uploaded","Attitude - Live In Paris, Hippodrome De Vincennes - June 6, 1992","Guns N' Roses","Use Your Illusion I (Deluxe Edition)","","",""
"Not uploaded","Audio Commentary for Stadium Arcadium - Short Version","Red Hot Chili Peppers","Stadium Arcadium","","",""
"Not uploaded","Auna Najeeka","Samir Shrestha","Auna Najeeka","","",""
"Not uploaded","Aunla Haru","Swar, Swapnil Sharma, Rohit Shakya","Aunla Haru","","",""
"Not uploaded","Aunla Haru - Reimagined","Swar, Arbitrary Records","Aunla Haru (Reimagined)","","",""
"Not uploaded","Autumn Leaves - Deluxe Edition","Ed Sheeran","+","","",""
"Not uploaded","Awaz","Albatross","Jo Jas Sanga Sambandhit Chha","","",""
"Not uploaded","Awaz - Acoustic","Albatross","Barahsinghe Acoustic Sessions","","",""
"Not uploaded","Azizam","Ed Sheeran","Play (Extended Edition)","","",""
"Not uploaded","Azizam","Ed Sheeran","Play","","",""
"Not uploaded","Azizam","Ed Sheeran","Azizam","","",""
"Not uploaded","Azizam","Ed Sheeran","Azizam (feat. Googoosh) [Persian Version]","","",""
"Not uploaded","Azizam","Ed Sheeran","Play (Deluxe)","","",""
"Not uploaded","Azizam (D.O.D Remix)","Ed Sheeran, D.O.D","Azizam (D.O.D Remix)","","",""
"Not uploaded","Azizam (feat. Googoosh) [Persian Version]","Ed Sheeran, Googoosh","Azizam (feat. Googoosh) [Persian Version]","","",""
"Not uploaded","Azizam - Acoustic","Ed Sheeran","Azizam (Acoustic)","","",""
"Not uploaded","B.L.Y.H.L","Sajjan Raj Vaidya","B.L.Y.H.L","","",""
"Not uploaded","BACK TO ME","¥$, Kanye West, Ty Dolla $ign","VULTURES 1","","",""
"Not uploaded","BAKWAS","Jamesy","SELFMADE","","",""
"Not uploaded","BALLIN","Jamesy","SELFMADE","","",""
"Not uploaded","BALLIN","Jamesy","BALLIN","","",""
"Not uploaded","BANDO BACHHA","Jamesy","BANDO BACHHA","","",""
"Not uploaded","BEAUTIFUL (feat. Future & SZA)","DJ Khaled, Future, SZA","GOD DID","","",""
"Not uploaded","BEAUTIFUL (feat. Future & SZA)","DJ Khaled, Future, SZA","BEAUTIFUL (feat. Future & SZA)","","",""
"Not uploaded","BEG FORGIVENESS","¥$, Kanye West, Ty Dolla $ign","VULTURES 1","","",""
"Not uploaded","BHADKIYEKO AATMA","Jamesy, Yung G, Yogeshbeats","BHADKIYEKO AATMA","","",""
"Not uploaded","BIDESHI","Jamesy, MC UDAN","RISKTAPE","","",""
"Not uploaded","BIG TIME (feat. Future & Lil Baby)","DJ Khaled, Future, Lil Baby","GOD DID","","",""
"Not uploaded","BIG TIME (feat. Future & Lil Baby)","DJ Khaled, Future, Lil Baby","BIG TIME (feat. Future & Lil Baby)","","",""
"Not uploaded","BILLS PAID (feat. Latto & City Girls)","DJ Khaled, Latto, City Girls","GOD DID","","",""
"Not uploaded","BILLS PAID (feat. Latto & City Girls)","DJ Khaled, Latto, City Girls","BILLS PAID (feat. Latto & City Girls)","","",""
"Not uploaded","BIRAM","Purna Rai","BIRAM","","",""
"Not uploaded","BIRDS OF A FEATHER","Billie Eilish","HIT ME HARD AND SOFT","","",""
"Not uploaded","BISTARAI","AXIX","PAAILA","","",""
"Not uploaded","BISTARI","Jamesy","BISTARI","","",""
"Not uploaded","BITTERSUITE","Billie Eilish","HIT ME HARD AND SOFT","","",""
"Not uploaded","BLOW (with Chris Stapleton & Bruno Mars)","Ed Sheeran, Chris Stapleton, Bruno Mars","No.6 Collaborations Project","","",""
"Not uploaded","BLOW - Live","Ed Sheeran","+-=÷× (Tour Collection: Live)","","",""
"Not uploaded","BLUE","Billie Eilish","HIT ME HARD AND SOFT","","",""
"Not uploaded","BOMB","¥$, Kanye West, Ty Dolla $ign","VULTURES 2","","",""
"Not uploaded","BRIAN STEEL","Drake","$ome $exy $ongs 4 U","","",""
"Not uploaded","BROKEN ROAD","DONDA, Kanye West, Ye","DONDA 2","","",""
"Not uploaded","BURN","¥$, Kanye West, Ty Dolla $ign","VULTURES 1","","",""
"Not uploaded","BURN EVERYTHING","DONDA, Kanye West, Ye","DONDA 2","","",""
"Not uploaded","Baadal","Purna Rai","Baadal","","",""
"Not uploaded","Baaf","Sujan Chapagain, Bidhya Tiwari","Baaf","","",""
"Not uploaded","Baaf","Sujan Chapagain, Bidhya Tiwari","Baaf","","",""
"Not uploaded","Baaf","ArtMandu, Sujan Chapagain, Bidhya Tiwari","Baaf","","",""
"Not uploaded","Baaki","Bartika Eam Rai","Si Ma Na","","",""
"Not uploaded","Baazigar","YABI The G.O.A.T","Baazigar","","",""
"Not uploaded","Baba Pashupati","Sabin Rai","Chiso Ashtray (Original Motion Picture Soundtrack)","","",""
"Not uploaded","Baby Appeal - 2002 Digital Remaster","Red Hot Chili Peppers","Red Hot Chili Peppers","","",""
"Not uploaded","Bachau","Albatross","Raat Ko Rani","","",""
"Not uploaded","Bachau","Albatross","Asha Nirasha (Original)","","",""
"Not uploaded","Bachau - Acoustic","Albatross","Barahsinghe Acoustic Sessions","","",""
"Not uploaded","Back Off Bitch","Guns N' Roses","Use Your Illusion I","","",""
"Not uploaded","Back Off Bitch - 1986 Sound City Session","Guns N' Roses","Appetite For Destruction (Super Deluxe Edition)","","",""
"Not uploaded","Back Off Bitch - 2022 Remaster","Guns N' Roses","Use Your Illusion I (Deluxe Edition)","","",""
"Not uploaded","Back Off Bitch - 2022 Remaster","Guns N' Roses","Use Your Illusion (Super Deluxe)","","",""
"Not uploaded","Backwoods","Red Hot Chili Peppers","The Uplift Mofo Party Plan","","",""
"Not uploaded","Backwoods","Red Hot Chili Peppers","What Hits!?","","",""
"Not uploaded","Bad Apples","Guns N' Roses","Use Your Illusion I","","",""
"Not uploaded","Bad Apples - 2022 Remaster","Guns N' Roses","Use Your Illusion I (Deluxe Edition)","","",""
"Not uploaded","Bad Apples - 2022 Remaster","Guns N' Roses","Use Your Illusion (Super Deluxe)","","",""
"Not uploaded","Bad Apples - Live In Rio De Janiero, Estadio De Maracana - January 23, 1991","Guns N' Roses","Use Your Illusion I (Deluxe Edition)","","",""
"Not uploaded","Bad Habits","Ed Sheeran","+-=÷× (Tour Collection: Live)","","",""
"Not uploaded","Bad Habits","Ed Sheeran","+-=÷× (Tour Collection)","","",""
"Not uploaded","Bad Habits","Ed Sheeran","= (Tour Edition)","","",""
"Not uploaded","Bad Habits","Ed Sheeran","=","","",""
"Not uploaded","Bad Habits","Ed Sheeran","names in lights at stadium heights","","",""
"Not uploaded","Bad Habits - Live","Ed Sheeran","+-=÷× (Tour Collection: Live)","","",""
"Not uploaded","Bad News","Kanye West","808s & Heartbreak","","",""
"Not uploaded","Bad Obsession","Guns N' Roses","Use Your Illusion I","","",""
"Not uploaded","Bad Obsession - 2022 Remaster","Guns N' Roses","Use Your Illusion I (Deluxe Edition)","","",""
"Not uploaded","Bad Obsession - 2022 Remaster","Guns N' Roses","Use Your Illusion (Super Deluxe)","","",""
"Not uploaded","Bad Obsession - Live In Las Vegas, Thomas & Mack Center - January 25, 1992","Guns N' Roses","Use Your Illusion I (Deluxe Edition)","","",""
"Not uploaded","Bad Obsession - Live In New York, Ritz Theatre - May 16, 1991","Guns N' Roses","Use Your Illusion (Super Deluxe)","","",""
"Not uploaded","Badal Sari","Swar, John Rai","Badal Sari","","",""
"Not uploaded","Bag of Grins","Red Hot Chili Peppers","Return of the Dream Canteen","","",""
"Not uploaded","Bahamas Promises","Drake","For All The Dogs","","",""
"Not uploaded","Bahana","Yabesh Thapa, Arbitrary Records, Niks","Bahana","","",""
"Not uploaded","Baimani","Sushant KC","Baimani","","",""
"Not uploaded","Bakwas","Jamesy","Bakwas","","",""
"Not uploaded","Balidan Title Song (From ""Balidan"")","Sujan Chapagain, Hark Saud","Balidan Title Song (From ""Balidan"")","","",""
"Uploaded","Bam","JAŸ-Z","4:44","public/songs/JAŸ-Z/4_44/Bam.mp3","/songs/JA%C5%B8-Z/4_44/Bam.mp3","D:\vinyl-demo\public\songs\JAŸ-Z\4_44\Bam.mp3"
"Not uploaded","Banduk","Chirag Khadka","Banduk","","",""
"Not uploaded","Banga Banga ( From ""Balidan"")","Sujan Chapagain, Bhushan Khatiwada, Hark Saud","Banga Banga (From ""Balidan"")","","",""
"Not uploaded","Banger Street House Beat","Dj khalipha","Melodic Street House","","",""
"Not uploaded","Baptized In Fear","The Weeknd","Hurry Up Tomorrow","","",""
"Not uploaded","Barcelona","Ed Sheeran","Divide ÷ (Deluxe)","","",""
"Not uploaded","Bardali","Sushant KC","Bardali","","",""
"Not uploaded","Bardali - Acoustic","Sushant KC","Bardali (Acoustic)","","",""
"Not uploaded","Barry Bonds","Kanye West, Lil Wayne","Graduation","","",""
"Not uploaded","Barulho Pra Quem Não Conhece Jql - Instrumental","Dj Thales Jql","Barulho Pra Quem Não Conhece Jql (Instrumental)","","",""
"Not uploaded","Barulho Pra Quem Não Conhece o Jql","Dj Thales Jql","Barulho Jql","","",""
"Not uploaded","Basanta","Sajjan Raj Vaidya","Basanta","","",""
"Not uploaded","Bastards of Light","Red Hot Chili Peppers","Unlimited Love","","",""
"Not uploaded","Battle Ship - Remastered","Red Hot Chili Peppers","Freaky Styley","","",""
"Not uploaded","Be Like You","Ed Sheeran","5","","",""
"Not uploaded","Be Right Now","Ed Sheeran","= (Tour Edition)","","",""
"Not uploaded","Be Right Now","Ed Sheeran","=","","",""
"Not uploaded","Beans - Solo Acoustic","Nirvana","With The Lights Out - Box Set","","",""
"Not uploaded","Beat do Empurra, Empurra","Dj Thales Jql","Beat do Empurra, Empurra","","",""
"Uploaded","Beautidul People","Ed Sheeran, Khalid","No.6 Collaborations Project","public/songs/Ed Sheeran/No.6 Collaborations Project/Beautidul People.mp3","/songs/Ed%20Sheeran/No.6%20Collaborations%20Project/Beautidul%20People.mp3","D:\vinyl-demo\public\songs\Ed Sheeran\No.6 Collaborations Project\Beautidul People.mp3"
"Not uploaded","Beautiful People (feat. Khalid)","Ed Sheeran, Khalid","+-=÷× (Tour Collection: Live)","","",""
"Not uploaded","Beautiful People (feat. Khalid)","Ed Sheeran, Khalid","+-=÷× (Tour Collection)","","",""
"Not uploaded","Beautiful People (feat. Khalid)","Ed Sheeran, Khalid","No.6 Collaborations Project","","",""
"Not uploaded","Been A Son (Live at Pine Street Theatre)","Nirvana","Bleach (Deluxe Edition)","","",""
"Not uploaded","Been A Son - 1992/Live at Reading","Nirvana","Live at Reading","","",""
"Not uploaded","Been A Son - BBC Mark Goodier Session","Nirvana","Incesticide","","",""
"Not uploaded","Been A Son - Blew EP Version","Nirvana","Nirvana","","",""
"Not uploaded","Been A Son - Live At Paramount Theatre B-Side","Nirvana","Nevermind (Super Deluxe Edition)","","",""
"Not uploaded","Been A Son - Live At Paramount Theatre B-Side","Nirvana","Nevermind (Deluxe Edition)","","",""
"Not uploaded","Been A Son - Live At The Paramount/1991","Nirvana","Live At The Paramount","","",""
"Not uploaded","Been A Son - Live In Amsterdam, Netherlands/1991","Nirvana","Nevermind (30th Anniversary Super Deluxe)","","",""
"Not uploaded","Been A Son - Live In Amsterdam, Netherlands/1991","Nirvana","From The Muddy Banks Of The Wishkah (Live)","","",""
"Not uploaded","Been A Son - Live Solo Acoustic","Nirvana","With The Lights Out - Box Set","","",""
"Not uploaded","Beeswax","Nirvana","Incesticide","","",""
"Not uploaded","Before The Solution","DJ Khaled","We The Best","","",""
"Not uploaded","Behind The Sun","Red Hot Chili Peppers","The Uplift Mofo Party Plan","","",""
"Not uploaded","Behind The Sun","Red Hot Chili Peppers","What Hits!?","","",""
"Not uploaded","Behos","Sushant KC, The Bangers","Behos","","",""
"Not uploaded","Behos","Sushant KC","Maya Ma (2018 Compilation)","","",""
"Not uploaded","Behuli","Sajjan Raj Vaidya","Behuli","","",""
"Not uploaded","Bekaboo","DJ Bishow, ShreeGo, Nasty Ninja","Bekaboo","","",""
"Not uploaded","Believe Street House Beat","Dj khalipha","Melodic Street House","","",""
"Not uploaded","Believe What I Say","Kanye West","Donda (Deluxe)","","",""
"Not uploaded","Believe What I Say","Kanye West","Donda","","",""
"Not uploaded","Bella","Red Hot Chili Peppers","Return of the Dream Canteen","","",""
"Not uploaded","Best Part of Me (feat. YEBBA)","Ed Sheeran, Yebba","No.6 Collaborations Project","","",""
"Not uploaded","Better","Guns N' Roses","Chinese Democracy","","",""
"Not uploaded","Bhaagera","Sushant KC, LIL Rock Look","Bhaagera","","",""
"Not uploaded","Bhana","YABI The G.O.A.T, Karan Bhatta, Anup Kunwar","Bhana","","",""
"Not uploaded","Bhana Ma","Ciney Gurung","Hidchhu","","",""
"Not uploaded","Bhanai","Tribal Rain","Roka Yo Samay","","",""
"Not uploaded","Bharma - Devi Deuta II","Tribal Rain","Bharma","","",""
"Not uploaded","Bhawana","Albatross","Raat Ko Rani","","",""
"Not uploaded","Bhawana","Albatross","Bhawana","","",""
"Not uploaded","Bhawana","Rockheads","Bhawana","","",""
"Not uploaded","Bhawana - Acoustic","Albatross","Barahsinghe Acoustic Sessions","","",""
"Not uploaded","Bhayena","Sushant KC","Bhayena","","",""
"Not uploaded","Bhikhaari","Oasis Thapa","Bhikhaari","","",""
"Not uploaded","Bhool","Albatross","Ma Ra Malai","","",""
"Not uploaded","Bhool","Swar, Swapnil Sharma, Rohit Shakya","Bhool","","",""
"Not uploaded","Bhramma","The Edge Band","Vibes","","",""
"Not uploaded","Bhulauna Khojchu","The Edge Band","Alag","","",""
"Not uploaded","Bhumari","Chirag Khadka","Bhumari","","",""
"Not uploaded","Bibia Be Ye Ye","Ed Sheeran","Divide ÷ (Deluxe)","","",""
"Not uploaded","Bicycle Song - 2006 Remaster","Red Hot Chili Peppers","By the Way (Deluxe Edition)","","",""
"Not uploaded","Bidaai","Swar, Swapnil Sharma, Rohit Shakya, Gautam Tandukar","Bidaai","","",""
"Not uploaded","Bidaai","Swar, Swapnil Sharma, Rohit Shakya, Gautam Tandukar","Bidaai","","",""
"Not uploaded","Big Boy Talk (feat. Jeezy & Rick Ross)","DJ Khaled, Jeezy, Rick Ross","Father Of Asahd","","",""
"Not uploaded","Big Brother","Kanye West","Graduation","","",""
"Not uploaded","Big Cheese","Nirvana","Bleach (Deluxe Edition)","","",""
"Not uploaded","Big Cheese","Nirvana","Bleach","","",""
"Not uploaded","Big Energy (feat. DJ Khaled) - Remix","Latto, Mariah Carey, DJ Khaled","Big Energy (feat. DJ Khaled) [Remix]","","",""
"Not uploaded","Big Long Now","Nirvana","Incesticide","","",""
"Not uploaded","Billie Bossa Nova","Billie Eilish","Happier Than Ever","","",""
"Not uploaded","Bimbaakash","Bartika Eam Rai","Bimbaakash","","",""
"Not uploaded","Birsana","Jamesy, Yogi","P2P","","",""
"Not uploaded","Birsu Bhanchu","The Edge Band","Gantabya","","",""
"Not uploaded","Bistarai","Swar, Swapnil Sharma, Rohit Shakya","Bistarai","","",""
"Not uploaded","Bitch I'm From Dade County","DJ Khaled","We The Best","","",""
"Uploaded","Bitch, Don't Kill My Vibe","JAŸ-Z, Kendrick Lamar","","public/songs/JAŸ-Z/Bitch, Don't Kill My Vibe.mp3","/songs/JA%C5%B8-Z/Bitch%2C%20Don't%20Kill%20My%20Vibe.mp3","D:\vinyl-demo\public\songs\JAŸ-Z\Bitch, Don't Kill My Vibe.mp3"
"Not uploaded","Black Leather","Guns N' Roses","The Spaghetti Incident?","","",""
"Not uploaded","Black Skinhead","Kanye West","Yeezus","","",""
"Not uploaded","Black Summer","Red Hot Chili Peppers","Unlimited Love","","",""
"Not uploaded","Black Summer","Red Hot Chili Peppers","Poster Child","","",""
"Not uploaded","Black Summer","Red Hot Chili Peppers","Black Summer","","",""
"Not uploaded","Blackeyed Blonde - Remastered","Red Hot Chili Peppers","Freaky Styley","","",""
"Not uploaded","Blame Game","Kanye West, John Legend","My Beautiful Dark Twisted Fantasy","","",""
"Not uploaded","Blandest - Demo","Nirvana","Sliver - The Best Of The Box","","",""
"Not uploaded","Blandest - Demo","Nirvana","With The Lights Out - Box Set","","",""
"Not uploaded","Blew","Nirvana","Bleach (Deluxe Edition)","","",""
"Not uploaded","Blew","Nirvana","Bleach","","",""
"Not uploaded","Blew (Live at Pine Street Theatre)","Nirvana","Bleach (Deluxe Edition)","","",""
"Not uploaded","Blew - 1992/Live at Reading","Nirvana","Live at Reading","","",""
"Not uploaded","Blew - Live & Loud","Nirvana","Live And Loud","","",""
"Not uploaded","Blew - Live At The Paramount/1991","Nirvana","Live At The Paramount","","",""
"Not uploaded","Blew - Live In Amsterdam, Netherlands/1991","Nirvana","Nevermind (30th Anniversary Super Deluxe)","","",""
"Not uploaded","Blew - Live In Amsterdam, Netherlands/1991","Nirvana","From The Muddy Banks Of The Wishkah (Live)","","",""
"Not uploaded","Blew - Live In Los Angeles, Great Western Forum - December 30, 1993","Nirvana","In Utero (30th Anniversary Super Deluxe)","","",""
"Not uploaded","Blood On The Leaves","Kanye West","Yeezus","","",""
"Not uploaded","Blood Sugar Sex Magik","Red Hot Chili Peppers","Blood Sugar Sex Magik","","",""
"Not uploaded","Blood Sugar Sex Magik","Red Hot Chili Peppers","The Studio Album Collection 1991 - 2011","","",""
"Not uploaded","Bloodstream","Ed Sheeran","+-=÷× (Tour Collection: Live)","","",""
"Not uploaded","Bloodstream","Ed Sheeran","+-=÷× (Tour Collection)","","",""
"Not uploaded","Bloodstream","Ed Sheeran","x (10th Anniversary Edition)","","",""
"Not uploaded","Bloodstream","Ed Sheeran","x (Wembley Edition)","","",""
"Not uploaded","Bloodstream","Ed Sheeran","x (Deluxe Edition)","","",""
"Not uploaded","Bloodstream","Ed Sheeran","names in lights at stadium heights","","",""
"Not uploaded","Bloodstream - Live","Ed Sheeran","+-=÷× (Tour Collection: Live)","","",""
"Not uploaded","Blue","Ed Sheeran","Autumn Variations (Fan Living Room Sessions)","","",""
"Not uploaded","Blue","Ed Sheeran","Autumn Variations","","",""
"Not uploaded","Blue - Live from Sarom’s Living Room","Ed Sheeran","Autumn Variations (Fan Living Room Sessions)","","",""
"Not uploaded","Boat","Ed Sheeran","- (Deluxe)","","",""
"Not uploaded","Bob - 2006 Remaster","Red Hot Chili Peppers","One Hot Minute (Deluxe Edition)","","",""
"Not uploaded","Boomerang","YABI The G.O.A.T","Boomerang","","",""
"Not uploaded","Borderline","Ed Sheeran","- (Deluxe)","","",""
"Not uploaded","Borracho","Sech, DJ Khaled","Borracho","","",""
"Not uploaded","Bota Ela de Quatro","Dj Thales Jql","Bota Ela de Quatro","","",""
"Not uploaded","Bottle Aadha Khali","DJ Bishow, Oasis Thapa, Mr. D","PROJECT COLLABORATION (DELUXE)","","",""
"Not uploaded","Bottle Aadha Khali","DJ Bishow, Oasis Thapa, Mr. D","PROJECT COLLABORATION","","",""
"Not uploaded","Bound 2","Kanye West","Yeezus","","",""
"Not uploaded","Brave Street House Beat","Dj khalipha","Melodic Street House","","",""
"Not uploaded","Brave from Afar","Red Hot Chili Peppers","This Is the Kitt / Brave from Afar","","",""
"Not uploaded","Breakdown","Guns N' Roses","Use Your Illusion II","","",""
"Not uploaded","Breakdown - 2022 Remaster","Guns N' Roses","Use Your Illusion II (Deluxe Edition)","","",""
"Not uploaded","Breakdown - 2022 Remaster","Guns N' Roses","Use Your Illusion (Super Deluxe)","","",""
"Not uploaded","Breaking the Girl","Red Hot Chili Peppers","Blood Sugar Sex Magik","","",""
"Not uploaded","Breaking the Girl","Red Hot Chili Peppers","The Studio Album Collection 1991 - 2011","","",""
"Not uploaded","Breaking the Girl","Red Hot Chili Peppers","Greatest Hits","","",""
"Not uploaded","Breathe In Breathe Out","Kanye West, Ludacris","The College Dropout","","",""
"Not uploaded","Breed","Nirvana","Nevermind (Super Deluxe Edition)","","",""
"Not uploaded","Breed","Nirvana","Nevermind (Remastered)","","",""
"Not uploaded","Breed","Nirvana","Nevermind (Deluxe Edition)","","",""
"Not uploaded","Breed - 1992/Live at Reading","Nirvana","Live at Reading","","",""
"Not uploaded","Breed - Devonshire Mix","Nirvana","Nevermind (Super Deluxe Edition)","","",""
"Not uploaded","Breed - Live & Loud","Nirvana","Live And Loud","","",""
"Not uploaded","Breed - Live & Loud","Nirvana","In Utero (Super Deluxe Edition)","","",""
"Not uploaded","Breed - Live At London Astoria, UK, December 3, 1989","Nirvana","From The Muddy Banks Of The Wishkah (Live)","","",""
"Not uploaded","Breed - Live At The Paramount/1991","Nirvana","Live At The Paramount","","",""
"Not uploaded","Breed - Live In Amsterdam, Netherlands/1991","Nirvana","Nevermind (30th Anniversary Super Deluxe)","","",""
"Not uploaded","Breed - Live In Amsterdam, Netherlands/1991","Nirvana","Smells Like Teen Spirit / In Bloom / On A Plain / Lithium / Breed","","",""
"Not uploaded","Breed - Live In Amsterdam, Netherlands/1991","Nirvana","In Bloom / On A Plain / Lithium / Breed","","",""
"Not uploaded","Breed - Live In Amsterdam, Netherlands/1991","Nirvana","On A Plain / Lithium / Breed (Live)","","",""
"Not uploaded","Breed - Live In Amsterdam, Netherlands/1991","Nirvana","Lithium / Breed (Live)","","",""
"Not uploaded","Breed - Live In Amsterdam, Netherlands/1991","Nirvana","Breed (Live In Amsterdam, Netherlands/1991)","","",""
"Not uploaded","Breed - Live In Del Mar, California/1991","Nirvana","Nevermind (30th Anniversary Super Deluxe)","","",""
"Not uploaded","Breed - Live In Los Angeles, Great Western Forum - December 30, 1993","Nirvana","In Utero (30th Anniversary Super Deluxe)","","",""
"Not uploaded","Breed - Live In Melbourne, Australia For Triple J/1992","Nirvana","Nevermind (30th Anniversary Super Deluxe)","","",""
"Not uploaded","Breed - Live In Seattle, Seattle Center Arena - January 7, 1994","Nirvana","In Utero (30th Anniversary Super Deluxe)","","",""
"Not uploaded","Breed - Remastered 2021","Nirvana","Nevermind (30th Anniversary Super Deluxe)","","",""
"Not uploaded","Breed - Rough Mix","Nirvana","With The Lights Out - Box Set","","",""
"Not uploaded","Brendan's Death Song","Red Hot Chili Peppers","I'm with You","","",""
"Not uploaded","Brother (with Post Malone & YoungBoy Never Broke Again)","DJ Khaled, Post Malone, YoungBoy Never Broke Again","Brother","","",""
"Not uploaded","Brother (with Post Malone & YoungBoy Never Broke Again) - Instrumental","DJ Khaled, Post Malone, YoungBoy Never Broke Again","Brother","","",""
"Not uploaded","Brotherly (Street House Beat)","Dj khalipha","Brotherly (Street House Beat)","","",""
"Not uploaded","Brown Paper Bag","DJ Khaled","We The Best","","",""
"Not uploaded","Buckle Down - 2002 Digital Remaster","Red Hot Chili Peppers","Red Hot Chili Peppers","","",""
"Not uploaded","Buddhako Shanti","AXIX","Black and White","","",""
"Not uploaded","Budhasaubba Goldcup Song","Rajesh Payal Rai","Budhasubba GoldCup","","",""
"Not uploaded","Budhasaubba Goldcup Song","Sabin Rai","Budhasubba GoldCup","","",""
"Not uploaded","Budi 2","Chirag Khadka","Budi 2","","",""
"Not uploaded","Buick Makane / Big Dumb Sex","Guns N' Roses","The Spaghetti Incident?","","",""
"Not uploaded","Bujhideu","Samir Shrestha","Bujhideu","","",""
"Not uploaded","Bujhideu","Samir Shrestha","Bujhideu","","",""
"Not uploaded","But Daddy I Love Him","Taylor Swift","THE TORTURED POETS DEPARTMENT: THE ANTHOLOGY","","",""
"Not uploaded","By the Way","Red Hot Chili Peppers","By the Way (Deluxe Edition)","","",""
"Not uploaded","By the Way","Red Hot Chili Peppers","By the Way","","",""
"Not uploaded","By the Way","Red Hot Chili Peppers","The Studio Album Collection 1991 - 2011","","",""
"Not uploaded","By the Way","Red Hot Chili Peppers","Greatest Hits","","",""
"Not uploaded","Byarthai - demo","Purna Rai","Byarthai (demo)","","",""
"Not uploaded","C'mon Girl","Red Hot Chili Peppers","Stadium Arcadium","","",""
"Not uploaded","CALL GARA","Jamesy","CALL GARA","","",""
"Not uploaded","CANCELLED!","Taylor Swift","The Life of a Showgirl","","",""
"Not uploaded","CANCELLED!","Taylor Swift","The Life of a Showgirl + Acoustic Collection","","",""
"Not uploaded","CARNIVAL","¥$, Kanye West, Ty Dolla $ign","VULTURES 1","","",""
"Not uploaded","CARNIVAL (INSTRUMENTAL)","¥$, Kanye West, Ty Dolla $ign","CARNIVAL (INSTRUMENTAL)","","",""
"Not uploaded","CARNIVAL (feat. Rich The Kid, Playboi Carti)","¥$, Kanye West, Ty Dolla $ign, Rich The Kid, Playboi Carti","CARNIVAL PACK (feat. Rich The Kid, Playboi Carti)","","",""
"Not uploaded","CARNIVAL (feat. Rich The Kid, Playboi Carti)","¥$, Kanye West, Ty Dolla $ign, Rich The Kid, Playboi Carti","CARNIVAL PACK (feat. Rich The Kid, Playboi Carti)","","",""
"Not uploaded","CARNIVAL (feat. Rich The Kid, Playboi Carti)","¥$, Kanye West, Ty Dolla $ign, Playboi Carti, Rich The Kid","CARNIVAL (feat. Rich The Kid, Playboi Carti)","","",""
"Not uploaded","CARNIVAL (feat. Rich The Kid, Playboi Carti) - ACAPELLA","¥$, Kanye West, Ty Dolla $ign, Playboi Carti, Rich The Kid","CARNIVAL PACK (feat. Rich The Kid, Playboi Carti)","","",""
"Not uploaded","CARNIVAL - HOOLIGANS VERSION","¥$, Kanye West, Ty Dolla $ign","CARNIVAL PACK (feat. Rich The Kid, Playboi Carti)","","",""
"Not uploaded","CARNIVAL - HOOLIGANS VERSION","¥$, Kanye West, Ty Dolla $ign","CARNIVAL - HOOLIGANS VERSION","","",""
"Not uploaded","CARNIVAL - INSTRUMENTAL","¥$, Kanye West, Ty Dolla $ign","CARNIVAL PACK (feat. Rich The Kid, Playboi Carti)","","",""
"Not uploaded","CHAAK","Purna Rai","CHAAK","","",""
"Not uploaded","CHANGES","DJ Bishow, Dong, Nasty Ninja, Zateb","PROJECT COLLABORATION (DELUXE)","","",""
"Not uploaded","CHANGES","DJ Bishow, Dong, Nasty Ninja, Zateb","PROJECT COLLABORATION","","",""
"Not uploaded","CHANGES","DJ Bishow, Dong, Nasty Ninja, Zateb","CHANGES","","",""
"Not uploaded","CHIHIRO","Billie Eilish","HIT ME HARD AND SOFT","","",""
"Not uploaded","CITY OF CHI","DONDA, Kanye West, Ye","DONDA 2","","",""
"Not uploaded","CITY OF GOD","DONDA, Kanye West, Ye","DONDA 2","","",""
"Not uploaded","CN TOWER","PARTYNEXTDOOR, Drake","$ome $exy $ongs 4 U","","",""
"Not uploaded","CRYING IN CHANEL","Drake","$ome $exy $ongs 4 U","","",""
"Not uploaded","Cabron","Red Hot Chili Peppers","By the Way (Deluxe Edition)","","",""
"Not uploaded","Cabron","Red Hot Chili Peppers","By the Way","","",""
"Not uploaded","Cala boca e Escuta o Som da Minha Saveiro","Dj Thales Jql, Dj Rayan","Cala boca e Escuta o Som da Minha Saveiro","","",""
"Not uploaded","Californication","Red Hot Chili Peppers","Californication","","",""
"Not uploaded","Californication","Red Hot Chili Peppers","Californication","","",""
"Not uploaded","Californication","Red Hot Chili Peppers","The Studio Album Collection 1991 - 2011","","",""
"Not uploaded","Californication","Red Hot Chili Peppers","Greatest Hits","","",""
"Uploaded","Californication","Red Hot Chili Peppers","Californication","public/songs/Red Hot Chili Peppers/Californication/Californication.mp3","/songs/Red%20Hot%20Chili%20Peppers/Californication/Californication.mp3","D:\vinyl-demo\public\songs\Red Hot Chili Peppers\Californication\Californication.mp3"
"Not uploaded","Call on me (feat. Ed Sheeran)","Vianney, Ed Sheeran","Call on me (feat. Ed Sheeran)","","",""
"Not uploaded","Calling For You (feat. 21 Savage)","Drake, 21 Savage","For All The Dogs","","",""
"Not uploaded","Calmate","Were, Mauro y El Pitu, Dj Khala","Calmate","","",""
"Not uploaded","Camera","Ed Sheeran","Play (Extended Edition)","","",""
"Not uploaded","Camera","Ed Sheeran","Play","","",""
"Not uploaded","Camera","Ed Sheeran","Play (Deluxe)","","",""
"Not uploaded","Camera - Unplugged","Ed Sheeran","Camera (Unplugged)","","",""
"Not uploaded","Can't Feel My Face - Live","The Weeknd","Live At SoFi Stadium","","",""
"Not uploaded","Can't Stop","Red Hot Chili Peppers","By the Way (Deluxe Edition)","","",""
"Not uploaded","Can't Stop","Red Hot Chili Peppers","By the Way","","",""
"Not uploaded","Can't Tell Me Nothing","Kanye West","Graduation","","",""
"Not uploaded","Carnaval ta Chegando","Dj Thales Jql","Carnaval ta Chegando","","",""
"Not uploaded","Carry Me Home","Red Hot Chili Peppers","Return of the Dream Canteen","","",""
"Not uploaded","Castle on the Hill","Ed Sheeran","+-=÷× (Tour Collection: Live)","","",""
"Not uploaded","Castle on the Hill","Ed Sheeran","+-=÷× (Tour Collection)","","",""
"Not uploaded","Castle on the Hill","Ed Sheeran","Divide ÷ (Deluxe)","","",""
"Not uploaded","Castle on the Hill","Ed Sheeran","names in lights at stadium heights","","",""
"Not uploaded","Castle on the Hill - Live","Ed Sheeran","+-=÷× (Tour Collection: Live)","","",""
"Not uploaded","Castles Made Of Sand - Live","Red Hot Chili Peppers","Mother's Milk","","",""
"Not uploaded","Castles Made of Sand - 2006 Remaster","Red Hot Chili Peppers","Blood Sugar Sex Magik","","",""
"Not uploaded","Catch My Death","Red Hot Chili Peppers","Catch My Death / How It Ends","","",""
"Not uploaded","Catcher In The Rye","Guns N' Roses","Chinese Democracy","","",""
"Not uploaded","Catholic School Girls Rule","Red Hot Chili Peppers","What Hits!?","","",""
"Not uploaded","Catholic School Girls Rule - Remastered","Red Hot Chili Peppers","Freaky Styley","","",""
"Uploaded","Caught Their Eyes","JAŸ-Z","4:44","public/songs/JAŸ-Z/4_44/Caught Their Eyes.mp3","/songs/JA%C5%B8-Z/4_44/Caught%20Their%20Eyes.mp3","D:\vinyl-demo\public\songs\JAŸ-Z\4_44\Caught Their Eyes.mp3"
"Not uploaded","Celebrate (feat. Travis Scott & Post Malone)","DJ Khaled, Travis Scott, Post Malone","Father Of Asahd","","",""
"Not uploaded","Celebration","Kanye West","Late Registration","","",""
"Not uploaded","Celestial","Ed Sheeran","Celestial","","",""
"Not uploaded","Chaar Dewar","Samir Shrestha","Chaar Dewar","","",""
"Not uploaded","Chainejo Jindaganima - From(""Oonko Sweater[The Woolen Sweater]"")","Sujan Chapagain, ArtMandu, Salina Bk","Chainejo Jindaganima","","",""
"Not uploaded","Champion","Kanye West","Graduation","","",""
"Not uploaded","Chandrama Na'bhako Raatma Pani - prologue","Bartika Eam Rai","Aandhii, Ityaadi","","",""
"Not uploaded","Changa","Yabesh Thapa","Changa","","",""
"Not uploaded","Chapali Height","Sabin Rai","Chapali Height(Original Motion Picture Soundtrack)","","",""
"Not uploaded","Charlie","Red Hot Chili Peppers","Stadium Arcadium","","",""
"Not uploaded","Chautari","Sajjan Raj Vaidya","Behuli","","",""
"Not uploaded","Chautari","Sajjan Raj Vaidya","Chautari","","",""
"Not uploaded","Chhaina","Albatross","Atti Bhayo","","",""
"Not uploaded","Chinese Democracy","Guns N' Roses","Chinese Democracy","","",""
"Not uploaded","Chinta","Tribal Rain","Roka Yo Samay","","",""
"Not uploaded","Chinta First Version","Tribal Rain","Chinta First Version","","",""
"Not uploaded","Chiso Ashtray","Robin Tamang","Chiso Ashtray (Original Motion Picture Soundtrack)","","",""
"Not uploaded","Chitthi Bhitra","Sajjan Raj Vaidya","Chitthi Bhitra","","",""
"Not uploaded","Chulbul Chulbul (From ""Babari"") (Original Motion Picture Soundtrack)","Sujan Chapagain, Sunita Thegim","Chulbul Chulbul (From ""Babari"") (Original Motion Picture Soundtrack)","","",""
"Not uploaded","Chyangba","AXIX","Ghar Gaun","","",""
"Not uploaded","Chyau","Chirag Khadka","Cosmic Soul","","",""
"Not uploaded","City Breathing","DJ Bishow, Uniq Poet, Vek","PROJECT COLLABORATION (DELUXE)","","",""
"Not uploaded","City Breathing","DJ Bishow, Uniq Poet, Vek","PROJECT COLLABORATION","","",""
"Not uploaded","City Breathing","DJ Bishow, Uniq Poet, Vek","City Breathing","","",""
"Not uploaded","City of Gods","Fivio Foreign, Kanye West, Alicia Keys","City of Gods","","",""
"Not uploaded","Civil War","Guns N' Roses","Use Your Illusion II","","",""
"Not uploaded","Civil War","Guns N' Roses","Greatest Hits","","",""
"Not uploaded","Civil War - 2022 Remaster","Guns N' Roses","Use Your Illusion II (Deluxe Edition)","","",""
"Not uploaded","Civil War - 2022 Remaster","Guns N' Roses","Use Your Illusion (Super Deluxe)","","",""
"Not uploaded","Clean Up Before She Comes - Solo Acoustic","Nirvana","Sliver - The Best Of The Box","","",""
"Not uploaded","Clean Up Before She Comes - Solo Acoustic","Nirvana","With The Lights Out - Box Set","","",""
"Not uploaded","Closed On Sunday","Kanye West","JESUS IS KING","","",""
"Not uploaded","Coffee Shop","Red Hot Chili Peppers","One Hot Minute (Deluxe Edition)","","",""
"Not uploaded","Coffee Shop","Red Hot Chili Peppers","One Hot Minute","","",""
"Not uploaded","Coffee Shop","Red Hot Chili Peppers","The Studio Album Collection 1991 - 2011","","",""
"Not uploaded","Cold Coffee","Ed Sheeran","5","","",""
"Not uploaded","Cold Coffee","Ed Sheeran","my forgotten favourites","","",""
"Not uploaded","Coldest Winter","Kanye West","808s & Heartbreak","","",""
"Not uploaded","Collaborations Medley - Live","Ed Sheeran","+-=÷× (Tour Collection: Live)","","",""
"Not uploaded","Collide","Ed Sheeran","= (Tour Edition)","","",""
"Not uploaded","Collide","Ed Sheeran","=","","",""
"Not uploaded","Colourblind","Ed Sheeran","- (Deluxe)","","",""
"Not uploaded","Coma","Guns N' Roses","Use Your Illusion I","","",""
"Not uploaded","Coma - 2022 Remaster","Guns N' Roses","Use Your Illusion I (Deluxe Edition)","","",""
"Not uploaded","Coma - 2022 Remaster","Guns N' Roses","Use Your Illusion (Super Deluxe)","","",""
"Not uploaded","Coma - Live","Guns N' Roses","Live Era '87-'93 (Live - Deluxe Edition)","","",""
"Not uploaded","Come As You Are","Nirvana","Nevermind (Super Deluxe Edition)","","",""
"Not uploaded","Come As You Are","Nirvana","Nevermind (Remastered)","","",""
"Not uploaded","Come As You Are","Nirvana","Nevermind (Deluxe Edition)","","",""
"Not uploaded","Come As You Are","Nirvana","Nirvana","","",""
"Not uploaded","Come As You Are - 1992/Live at Reading","Nirvana","Live at Reading","","",""
"Not uploaded","Come As You Are - Boom Box Version","Nirvana","Sliver - The Best Of The Box","","",""
"Not uploaded","Come As You Are - Boombox Rehearsals","Nirvana","Nevermind (Super Deluxe Edition)","","",""
"Not uploaded","Come As You Are - Boombox Rehearsals","Nirvana","Nevermind (Deluxe Edition)","","",""
"Not uploaded","Come As You Are - Devonshire Mix","Nirvana","Nevermind (Super Deluxe Edition)","","",""
"Not uploaded","Come As You Are - Live","Nirvana","MTV Unplugged In New York (25th Anniversary)","","",""
"Not uploaded","Come As You Are - Live","Nirvana","MTV Unplugged In New York","","",""
"Not uploaded","Come As You Are - Live & Loud","Nirvana","Live And Loud","","",""
"Not uploaded","Come As You Are - Live In Amsterdam, Netherlands/1991","Nirvana","Nevermind (30th Anniversary Super Deluxe)","","",""
"Not uploaded","Come As You Are - Live In Del Mar, California/1991","Nirvana","Nevermind (30th Anniversary Super Deluxe)","","",""
"Not uploaded","Come As You Are - Live In Los Angeles, Great Western Forum - December 30, 1993","Nirvana","In Utero (30th Anniversary Super Deluxe)","","",""
"Not uploaded","Come As You Are - Live In Melbourne, Australia For Triple J/1992","Nirvana","Nevermind (30th Anniversary Super Deluxe)","","",""
"Not uploaded","Come As You Are - Live In Seattle, Seattle Center Arena - January 7, 1994","Nirvana","In Utero (30th Anniversary Super Deluxe)","","",""
"Not uploaded","Come As You Are - Rehearsal","Nirvana","MTV Unplugged In New York (25th Anniversary)","","",""
"Not uploaded","Come As You Are - Remastered 2021","Nirvana","Nevermind (30th Anniversary Super Deluxe)","","",""
"Not uploaded","Come to Life","Kanye West","Donda (Deluxe)","","",""
"Not uploaded","Come to Life","Kanye West","Donda","","",""
"Not uploaded","Como é Bom Fuder","Dj Thales Jql","Como é Bom Fuder","","",""
"Not uploaded","Confession","DJ Bishow, Vek","PROJECT COLLABORATION (DELUXE)","","",""
"Not uploaded","Confession","DJ Bishow, Vek","PROJECT COLLABORATION","","",""
"Not uploaded","Confession","DJ Bishow, Vek","Confession","","",""
"Not uploaded","Copperbelly","Red Hot Chili Peppers","Return of the Dream Canteen","","",""
"Not uploaded","Crack Music","Kanye West, The Game","Late Registration","","",""
"Not uploaded","Crack Music - Live At Abbey Road Studios","Kanye West, The Game","Late Orchestration","","",""
"Not uploaded","Cross Me (feat. Chance the Rapper & PnB Rock)","Ed Sheeran, Chance the Rapper, PnB Rock","No.6 Collaborations Project","","",""
"Not uploaded","Crosstown Traffic - Live","Red Hot Chili Peppers","Mother's Milk","","",""
"Not uploaded","Cry For Me","The Weeknd","Hurry Up Tomorrow","","",""
"Not uploaded","Cudi Montage","KIDS SEE GHOSTS","KIDS SEE GHOSTS","","",""
"Not uploaded","Curmudgeon","Nirvana","Nevermind (Super Deluxe Edition)","","",""
"Not uploaded","Curmudgeon","Nirvana","Nevermind (Deluxe Edition)","","",""
"Not uploaded","Curmudgeon","Nirvana","With The Lights Out - Box Set","","",""
"Not uploaded","Curtains","Ed Sheeran","- (Deluxe)","","",""
"Not uploaded","D-7 - 1990 Radio Appearance","Nirvana","With The Lights Out - Box Set","","",""
"Not uploaded","D-7 - 1992/Live at Reading","Nirvana","Live at Reading","","",""
"Not uploaded","D-7 - Live At The BBC","Nirvana","Nevermind (Super Deluxe Edition)","","",""
"Not uploaded","D-7 - Live At The BBC","Nirvana","Nevermind (Deluxe Edition)","","",""
"Not uploaded","DAAMI","YABI The G.O.A.T, Sarkaar","DAAMI","","",""
"Not uploaded","DASHAIN DRILL","Jamesy, Razza","DASHAIN DRILL","","",""
"Not uploaded","DEAD","¥$, Kanye West, Ty Dolla $ign","VULTURES 2","","",""
"Not uploaded","DEEPER","PARTYNEXTDOOR","$ome $exy $ongs 4 U","","",""
"Not uploaded","DIOR","Jamesy, Chinoir","DIOR","","",""
"Not uploaded","DJ BOKA (TUN UP)","Jamesy, Iamgolay, Janam","SELFMADE DELUXE","","",""
"Not uploaded","DMF ANTHEM / VIBES","DJ Bishow, Jay Author, Dong, Yuven Blac","DMF ANTHEM / VIBES","","",""
"Not uploaded","DO IT","¥$, Kanye West, Ty Dolla $ign","VULTURES 1","","",""
"Not uploaded","Dance, Dance, Dance","Red Hot Chili Peppers","I'm with You","","",""
"Not uploaded","Dani California","Red Hot Chili Peppers","Stadium Arcadium","","",""
"Not uploaded","Dani California","Red Hot Chili Peppers","Dani California","","",""
"Not uploaded","Dark Fantasy","Kanye West","My Beautiful Dark Twisted Fantasy","","",""
"Not uploaded","Dark Necessities","Red Hot Chili Peppers","The Getaway","","",""
"Not uploaded","Dark Necessities","Red Hot Chili Peppers","Dark Necessities","","",""
"Not uploaded","Dark Street House Beat","Dj khalipha","Dark Street House Beat","","",""
"Not uploaded","Dash Mara House Beat","Dj khalipha","Dash Mara House Beat","","",""
"Not uploaded","Daya Baya","Sabin Rai","Rangamanch Ko Rang","","",""
"Not uploaded","Daylight","Drake","For All The Dogs","","",""
"Not uploaded","De Donde Pinga","Were, Chocolate Mc, Dj Khala","De Donde Pinga","","",""
"Not uploaded","Dead Horse","Guns N' Roses","Use Your Illusion I","","",""
"Not uploaded","Dead Horse - 2022 Remaster","Guns N' Roses","Use Your Illusion I (Deluxe Edition)","","",""
"Not uploaded","Dead Horse - 2022 Remaster","Guns N' Roses","Use Your Illusion (Super Deluxe)","","",""
"Not uploaded","Death of a Martian","Red Hot Chili Peppers","Stadium Arcadium","","",""
"Not uploaded","Deep Kick","Red Hot Chili Peppers","One Hot Minute (Deluxe Edition)","","",""
"Not uploaded","Deep Kick","Red Hot Chili Peppers","One Hot Minute","","",""
"Not uploaded","Deep Kick","Red Hot Chili Peppers","The Studio Album Collection 1991 - 2011","","",""
"Not uploaded","Deixa eu Penetrar","Dj Thales Jql","Ritmo do Jql","","",""
"Not uploaded","Desecration Smile","Red Hot Chili Peppers","Stadium Arcadium","","",""
"Not uploaded","Deshnikala","Bartika Eam Rai","Si Ma Na","","",""
"Not uploaded","Detroit","Red Hot Chili Peppers","The Getaway","","",""
"Not uploaded","Devi Deuta","Tribal Rain","Devi Deuta","","",""
"Not uploaded","Devi Devta","Tribal Rain","Devi Devta","","",""
"Not uploaded","Devil In A New Dress","Kanye West, Rick Ross","My Beautiful Dark Twisted Fantasy","","",""
"Not uploaded","Dhairya","Sajjan Raj Vaidya","Dhairya","","",""
"Not uploaded","Dhanyabad","Sushant KC, Foeseal","Dhanyabad","","",""
"Not uploaded","Dhokha","The Edge Band","Dhokha","","",""
"Not uploaded","Dhun","Rockheads","Dhun","","",""
"Not uploaded","Dhurwa Tara","Purna Rai","Dhurwa Tara","","",""
"Not uploaded","Dhurwa Tara - Drum Track","Purna Rai","Dhurwa Tara (Drum Track)","","",""
"Not uploaded","Diamonds From Sierra Leone - Bonus Track","Kanye West","Late Registration","","",""
"Not uploaded","Diamonds From Sierra Leone - Live At Abbey Road Studios","Kanye West","Late Orchestration","","",""
"Not uploaded","Diamonds From Sierra Leone - Remix","Kanye West, JAŸ-Z","Late Registration","","",""
"Not uploaded","Did I Let You Know","Red Hot Chili Peppers","I'm with You","","",""
"Not uploaded","Dientes","J Balvin, USHER, DJ Khaled","Dientes","","",""
"Not uploaded","Dive","Ed Sheeran","+-=÷× (Tour Collection: Live)","","",""
"Not uploaded","Dive","Ed Sheeran","+-=÷× (Tour Collection)","","",""
"Not uploaded","Dive","Ed Sheeran","Divide ÷ (Deluxe)","","",""
"Not uploaded","Dive","Ed Sheeran","kiss me under the light of a thousand stars","","",""
"Not uploaded","Dive","Nirvana","Incesticide","","",""
"Not uploaded","Dive (Live at Pine Street Theatre)","Nirvana","Bleach (Deluxe Edition)","","",""
"Not uploaded","Dive - Demo","Nirvana","With The Lights Out - Box Set","","",""
"Not uploaded","Dive - Live","Ed Sheeran","+-=÷× (Tour Collection: Live)","","",""
"Not uploaded","Dive - Smart Sessions","Nirvana","Nevermind (Super Deluxe Edition)","","",""
"Not uploaded","Dive - Smart Sessions","Nirvana","Nevermind (Deluxe Edition)","","",""
"Not uploaded","Dj Do Baile Te Sarra Piroca","Dj Thales Jql","Dj Do Baile Te Sarra Piroca","","",""
"Not uploaded","Dmt","Chirag Khadka","Dmt","","",""
"Not uploaded","Do Re Mi - Home Demo","Nirvana","Sliver - The Best Of The Box","","",""
"Not uploaded","Don't","Ed Sheeran","+-=÷× (Tour Collection: Live)","","",""
"Not uploaded","Don't","Ed Sheeran","+-=÷× (Tour Collection)","","",""
"Not uploaded","Don't","Ed Sheeran","x (10th Anniversary Edition)","","",""
"Not uploaded","Don't","Ed Sheeran","x (Wembley Edition)","","",""
"Not uploaded","Don't","Ed Sheeran","x (Deluxe Edition)","","",""
"Not uploaded","Don't Cry","Guns N' Roses","Use Your Illusion II","","",""
"Not uploaded","Don't Cry (Original)","Guns N' Roses","Use Your Illusion I","","",""
"Not uploaded","Don't Cry (Original)","Guns N' Roses","Greatest Hits","","",""
"Not uploaded","Don't Cry (Original) - 2022 Remaster","Guns N' Roses","Use Your Illusion I (Deluxe Edition)","","",""
"Not uploaded","Don't Cry (Original) - 2022 Remaster","Guns N' Roses","Use Your Illusion (Super Deluxe)","","",""
"Not uploaded","Don't Cry (Original) - Live In New York, Ritz Theatre - May 16, 1991","Guns N' Roses","Use Your Illusion I (Deluxe Edition)","","",""
"Not uploaded","Don't Cry (Original) - Live In New York, Ritz Theatre - May 16, 1991","Guns N' Roses","Use Your Illusion (Super Deluxe)","","",""
"Not uploaded","Don't Cry - Alternate Lyrics / 2022 Remaster","Guns N' Roses","Use Your Illusion II (Deluxe Edition)","","",""
"Not uploaded","Don't Cry - Alternate Lyrics / 2022 Remaster","Guns N' Roses","Use Your Illusion (Super Deluxe)","","",""
"Not uploaded","Don't Cry - Live","Guns N' Roses","Live Era '87-'93 (Live - Deluxe Edition)","","",""
"Not uploaded","Don't Cry - Live In Japan / 1992","Guns N' Roses","Live Era '87-'93","","",""
"Not uploaded","Don't Damn Me","Guns N' Roses","Use Your Illusion I","","",""
"Not uploaded","Don't Damn Me - 2022 Remaster","Guns N' Roses","Use Your Illusion I (Deluxe Edition)","","",""
"Not uploaded","Don't Damn Me - 2022 Remaster","Guns N' Roses","Use Your Illusion (Super Deluxe)","","",""
"Not uploaded","Don't Forget Me","Red Hot Chili Peppers","By the Way (Deluxe Edition)","","",""
"Not uploaded","Don't Forget Me","Red Hot Chili Peppers","By the Way","","",""
"Not uploaded","Don't Forget Me","Red Hot Chili Peppers","The Studio Album Collection 1991 - 2011","","",""
"Not uploaded","Don't Want It All - Solo Acoustic","Nirvana","With The Lights Out - Box Set","","",""
"Not uploaded","Don't Worry","Sushant KC","Maya Ma (2018 Compilation)","","",""
"Not uploaded","Don't Worry(Remix)","Sushant KC, Utsav","Don't Worry(Remix)","","",""
"Not uploaded","Don't/Nina Medley - Live","Ed Sheeran","+-=÷× (Tour Collection: Live)","","",""
"Not uploaded","Donda","Kanye West","Donda (Deluxe)","","",""
"Not uploaded","Donda","Kanye West","Donda","","",""
"Not uploaded","Donda Chant","Kanye West","Donda (Deluxe)","","",""
"Not uploaded","Donda Chant","Kanye West","Donda","","",""
"Not uploaded","Don’t","Ed Sheeran","names in lights at stadium heights","","",""
"Not uploaded","Don’t Look Down","Ed Sheeran","Play (Extended Edition)","","",""
"Not uploaded","Don’t Look Down","Ed Sheeran","Play","","",""
"Not uploaded","Don’t Look Down","Ed Sheeran","Play (Deluxe)","","",""
"Not uploaded","Don’t disturb me","Jamesy","Don’t disturb me","","",""
"Not uploaded","Dosed","Red Hot Chili Peppers","By the Way (Deluxe Edition)","","",""
"Not uploaded","Dosed","Red Hot Chili Peppers","By the Way","","",""
"Not uploaded","Dosed","Red Hot Chili Peppers","The Studio Album Collection 1991 - 2011","","",""
"Not uploaded","Double Talkin' Jive","Guns N' Roses","Use Your Illusion I","","",""
"Not uploaded","Double Talkin' Jive - 2022 Remaster","Guns N' Roses","Use Your Illusion I (Deluxe Edition)","","",""
"Not uploaded","Double Talkin' Jive - 2022 Remaster","Guns N' Roses","Use Your Illusion (Super Deluxe)","","",""
"Not uploaded","Double Talkin' Jive - Live In London, Wembley Stadium - August 31, 1991","Guns N' Roses","Use Your Illusion I (Deluxe Edition)","","",""
"Not uploaded","Double Talkin' Jive - Live In New York, Ritz Theatre - May 16, 1991","Guns N' Roses","Use Your Illusion (Super Deluxe)","","",""
"Not uploaded","Down Bad","Taylor Swift","THE TORTURED POETS DEPARTMENT: THE ANTHOLOGY","","",""
"Not uploaded","Down On The Farm","Guns N' Roses","The Spaghetti Incident?","","",""
"Not uploaded","Downer","Nirvana","Incesticide","","",""
"Not uploaded","Downer","Nirvana","Bleach (Deluxe Edition)","","",""
"Not uploaded","Downer","Nirvana","Bleach","","",""
"Not uploaded","Downer - Live","Nirvana","With The Lights Out - Box Set","","",""
"Not uploaded","Drain You","Nirvana","Nevermind (Super Deluxe Edition)","","",""
"Not uploaded","Drain You","Nirvana","Nevermind (Remastered)","","",""
"Not uploaded","Drain You","Nirvana","Nevermind (Deluxe Edition)","","",""
"Not uploaded","Drain You - 1992/Live at Reading","Nirvana","Live at Reading","","",""
"Not uploaded","Drain You - Demo","Nirvana","With The Lights Out - Box Set","","",""
"Not uploaded","Drain You - Devonshire Mix","Nirvana","Nevermind (Super Deluxe Edition)","","",""
"Not uploaded","Drain You - Live & Loud","Nirvana","Live And Loud","","",""
"Not uploaded","Drain You - Live & Loud","Nirvana","In Utero (Super Deluxe Edition)","","",""
"Not uploaded","Drain You - Live At Del Mar Fairgrounds, CA., December 28, 1991","Nirvana","From The Muddy Banks Of The Wishkah (Live)","","",""
"Not uploaded","Drain You - Live At Paramount Theatre B-Side","Nirvana","Nevermind (Super Deluxe Edition)","","",""
"Not uploaded","Drain You - Live At Paramount Theatre B-Side","Nirvana","Nevermind (Deluxe Edition)","","",""
"Not uploaded","Drain You - Live At The BBC","Nirvana","Nevermind (Super Deluxe Edition)","","",""
"Not uploaded","Drain You - Live At The BBC","Nirvana","Nevermind (Deluxe Edition)","","",""
"Not uploaded","Drain You - Live At The Paramount/1991","Nirvana","Live At The Paramount","","",""
"Not uploaded","Drain You - Live In Amsterdam, Netherlands/1991","Nirvana","Nevermind (30th Anniversary Super Deluxe)","","",""
"Not uploaded","Drain You - Live In Del Mar, California/1991","Nirvana","Nevermind (30th Anniversary Super Deluxe)","","",""
"Not uploaded","Drain You - Live In Los Angeles, Great Western Forum - December 30, 1993","Nirvana","In Utero (30th Anniversary Super Deluxe)","","",""
"Not uploaded","Drain You - Live In Melbourne, Australia For Triple J/1992","Nirvana","Nevermind (30th Anniversary Super Deluxe)","","",""
"Not uploaded","Drain You - Live In Seattle, Seattle Center Arena - January 7, 1994","Nirvana","In Utero (30th Anniversary Super Deluxe)","","",""
"Not uploaded","Drain You - Remastered 2021","Nirvana","Nevermind (30th Anniversary Super Deluxe)","","",""
"Not uploaded","Dream Piracy","Ajar Jangam","Chiso Ashtray (Original Motion Picture Soundtrack)","","",""
"Not uploaded","Dreams of a Samurai","Red Hot Chili Peppers","The Getaway","","",""
"Not uploaded","Drenched Up","Jesus Of Swaggerath","Panther Black","","",""
"Not uploaded","Drive (From F1® The Movie)","Ed Sheeran, F1 The Album","Drive (From F1® The Movie)","","",""
"Not uploaded","Drive Slow","Kanye West, Paul Wall, GLC","Late Registration","","",""
"Not uploaded","Drive Slow - Live At Abbey Road Studios","Kanye West, Paul Wall, GLC","Late Orchestration","","",""
"Not uploaded","Drown Me Out (feat. Ghetts) - + Ghetts","Ed Sheeran, Ghetts","5","","",""
"Not uploaded","Drown Me Out (feat. Ghetts) - + Ghetts","Ed Sheeran, Ghetts","No.5 Collaborations Project","","",""
"Not uploaded","Drum Solo - Live In New York, Ritz Theatre - May 16, 1991","Guns N' Roses","Use Your Illusion (Super Deluxe)","","",""
"Not uploaded","Drum Solo - Live In Paris, Hippodrome De Vincennes - June 6, 1992","Guns N' Roses","Use Your Illusion II (Deluxe Edition)","","",""
"Not uploaded","Drunk","Ed Sheeran","+","","",""
"Not uploaded","Drunk and Hot Girls","Kanye West, Mos Def","Graduation","","",""
"Not uploaded","Dui Diney Jindagi","Yabesh Thapa","Dui Diney Jindagi","","",""
"Not uploaded","Dui Thunga","Sabin Rai","Rangamanch Ko Rang","","",""
"Not uploaded","Dukha Diyera","The Edge Band","Vibes","","",""
"Not uploaded","Dukha Diyerata Sabai","The Edge Band","Dukha Diyerata Sabai","","",""
"Not uploaded","Dukhi","Jamesy, TUKI","Dukhi","","",""
"Not uploaded","Dumb","Nirvana","In Utero (Super Deluxe Edition)","","",""
"Not uploaded","Dumb","Nirvana","In Utero (Deluxe Edition)","","",""
"Not uploaded","Dumb","Nirvana","In Utero","","",""
"Not uploaded","Dumb","Nirvana","Nirvana","","",""
"Not uploaded","Dumb - 1991 Radio Appearance","Nirvana","With The Lights Out - Box Set","","",""
"Not uploaded","Dumb - 1992/Live at Reading","Nirvana","Live at Reading","","",""
"Not uploaded","Dumb - 2013 Mix","Nirvana","In Utero (Super Deluxe Edition)","","",""
"Not uploaded","Dumb - 2013 Mix","Nirvana","In Utero (Deluxe Edition)","","",""
"Not uploaded","Dumb - 2023 Remaster","Nirvana","In Utero (30th Anniversary Super Deluxe)","","",""
"Not uploaded","Dumb - Demo / Instrumental","Nirvana","In Utero (Super Deluxe Edition)","","",""
"Not uploaded","Dumb - Demo / Instrumental","Nirvana","In Utero (Deluxe Edition)","","",""
"Not uploaded","Dumb - Live","Nirvana","MTV Unplugged In New York (25th Anniversary)","","",""
"Not uploaded","Dumb - Live","Nirvana","MTV Unplugged In New York","","",""
"Not uploaded","Dumb - Live In Los Angeles, Great Western Forum - December 30, 1993","Nirvana","In Utero (30th Anniversary Super Deluxe)","","",""
"Not uploaded","Dumb - Live In Seattle, Seattle Center Arena - January 7, 1994","Nirvana","In Utero (30th Anniversary Super Deluxe)","","",""
"Not uploaded","Dust N' Bones","Guns N' Roses","Use Your Illusion I","","",""
"Not uploaded","Dust N' Bones - 2022 Remaster","Guns N' Roses","Use Your Illusion I (Deluxe Edition)","","",""
"Not uploaded","Dust N' Bones - 2022 Remaster","Guns N' Roses","Use Your Illusion (Super Deluxe)","","",""
"Not uploaded","Dust N' Bones - Live","Guns N' Roses","Live Era '87-'93 (Live - Deluxe Edition)","","",""
"Not uploaded","Dust N' Bones - Live In London, Wembley Stadium - August 31, 1991","Guns N' Roses","Use Your Illusion I (Deluxe Edition)","","",""
"Not uploaded","Dust N' Bones - Live In New York / 1991","Guns N' Roses","Live Era '87-'93","","",""
"Not uploaded","Dust N' Bones - Live In New York, Ritz Theatre - May 16, 1991","Guns N' Roses","Use Your Illusion (Super Deluxe)","","",""
"Not uploaded","Dusty","Ed Sheeran","- (Deluxe)","","",""
"Not uploaded","EKLO JEEWAN","AXIX","PAAILA","","",""
"Not uploaded","Eakai Charan","Ciney Gurung","Hidchhu","","",""
"Not uploaded","Easily","Red Hot Chili Peppers","Californication (Deluxe Edition)","","",""
"Not uploaded","Easily","Red Hot Chili Peppers","Californication","","",""
"Not uploaded","Easily","Red Hot Chili Peppers","The Studio Album Collection 1991 - 2011","","",""
"Not uploaded","Eazy","The Game, Kanye West","Eazy","","",""
"Not uploaded","Echoes of Dad Beat","Dj khalipha","Echoes of Dad Beat","","",""
"Not uploaded","Eddie","Red Hot Chili Peppers","Return of the Dream Canteen","","",""
"Not uploaded","Eddie","Red Hot Chili Peppers","Eddie","","",""
"Not uploaded","Ek Choti","AXIX","Ghar Gaun","","",""
"Not uploaded","Ek Dui Teen","Oasis Thapa","Ek Dui Teen","","",""
"Not uploaded","Ek Sarvanaam","Sajjan Raj Vaidya","Ek Sarvanaam","","",""
"Not uploaded","Ekadeshma","Sajjan Raj Vaidya","Behuli","","",""
"Not uploaded","Ekadeshma","Sajjan Raj Vaidya","Ekadeshma","","",""
"Not uploaded","Ekkasi - Alternate Version","Yabesh Thapa","Ekkasi (Alternate Version)","","",""
"Not uploaded","Eklai Bhayeni - Mero Adhuro Prem","Sujan Chapagain, ArtMandu, Bidhya Tiwari","Eklai Bhayeni (Mero Adhuro Prem)","","",""
"Not uploaded","Eklo Jeewan - Live In Bhaktapur","AXIX","Eklo Jeewan (Live In Bhaktapur)","","",""
"Not uploaded","Ela toma na frente, ela toma atras","Dj Thales Jql, Dj Rayan, DJ RD DO H","Ela toma na frente, ela toma atras","","",""
"Not uploaded","Eldest Daughter","Taylor Swift","The Life of a Showgirl","","",""
"Not uploaded","Eldest Daughter","Taylor Swift","The Life of a Showgirl + Acoustic Collection","","",""
"Not uploaded","Eldest Daughter - Track by Track","Taylor Swift","The Life of a Showgirl (Track by Track Version)","","",""
"Not uploaded","Electrify Street House Beat","Dj khalipha","Electrify Street House Beat","","",""
"Not uploaded","Elizabeth Taylor","Taylor Swift","The Life of a Showgirl","","",""
"Not uploaded","Elizabeth Taylor","Taylor Swift","The Life of a Showgirl (Track by Track Version)","","",""
"Not uploaded","Elizabeth Taylor","Taylor Swift","The Life of a Showgirl + Acoustic Collection","","",""
"Not uploaded","Elizabeth Taylor - Track by Track","Taylor Swift","The Life of a Showgirl (Track by Track Version)","","",""
"Not uploaded","Emit Remmus","Red Hot Chili Peppers","Californication (Deluxe Edition)","","",""
"Not uploaded","Emit Remmus","Red Hot Chili Peppers","Californication","","",""
"Not uploaded","Emit Remmus","Red Hot Chili Peppers","The Studio Album Collection 1991 - 2011","","",""
"Not uploaded","Emotional Mara Street Beat","Dj khalipha, Badboi Wurld","Emotional Mara Street Beat","","",""
"Not uploaded","Emotional mara beat Pt 2","Dj khalipha","Emotional mara beat Pt 2","","",""
"Not uploaded","Encore","Red Hot Chili Peppers","The Getaway","","",""
"Not uploaded","End Of Youth","Ed Sheeran","- (Deluxe)","","",""
"Not uploaded","Endless, Nameless","Nirvana","Nevermind (Super Deluxe Edition)","","",""
"Not uploaded","Endless, Nameless","Nirvana","Nevermind (Remastered)","","",""
"Not uploaded","Endless, Nameless","Nirvana","Nevermind (Deluxe Edition)","","",""
"Not uploaded","Endless, Nameless - 1991 Radio Appearance","Nirvana","With The Lights Out - Box Set","","",""
"Not uploaded","Endless, Nameless - Live & Loud","Nirvana","Live And Loud","","",""
"Not uploaded","Endless, Nameless - Live At The Paramount/1991","Nirvana","Live At The Paramount","","",""
"Not uploaded","Endless, Nameless - Remastered 2021","Nirvana","Nevermind (30th Anniversary Super Deluxe)","","",""
"Not uploaded","England","Ed Sheeran","Autumn Variations (Fan Living Room Sessions)","","",""
"Not uploaded","England","Ed Sheeran","Autumn Variations","","",""
"Not uploaded","England - Live from Maynard’s Living Room","Ed Sheeran","Autumn Variations (Fan Living Room Sessions)","","",""
"Not uploaded","English Rose","Ed Sheeran","x (10th Anniversary Edition)","","",""
"Not uploaded","English Rose","Ed Sheeran","x (Wembley Edition)","","",""
"Not uploaded","Enjoy The Show (feat. Future)","The Weeknd, Future","Hurry Up Tomorrow","","",""
"Not uploaded","Enlightenment","Chirag Khadka","Enlightenment","","",""
"Not uploaded","Então Chupa","Dj Thales Jql","Então Chupa","","",""
"Not uploaded","Eraser","Ed Sheeran","Divide ÷ (Deluxe)","","",""
"Not uploaded","Especially in Michigan","Red Hot Chili Peppers","Stadium Arcadium","","",""
"Not uploaded","Estai Raicha","Sushant KC","Estai Raicha","","",""
"Not uploaded","Estranged","Guns N' Roses","Use Your Illusion II","","",""
"Not uploaded","Estranged - 2022 Remaster","Guns N' Roses","Use Your Illusion II (Deluxe Edition)","","",""
"Not uploaded","Estranged - 2022 Remaster","Guns N' Roses","Use Your Illusion (Super Deluxe)","","",""
"Not uploaded","Estranged - Live","Guns N' Roses","Live Era '87-'93 (Live - Deluxe Edition)","","",""
"Not uploaded","Estranged - Live In Las Vegas, Thomas & Mack Center - January 25, 1992","Guns N' Roses","Use Your Illusion II (Deluxe Edition)","","",""
"Not uploaded","Estranged - Live In New York, Ritz Theatre - May 16, 1991","Guns N' Roses","Use Your Illusion (Super Deluxe)","","",""
"Not uploaded","Estranged - Live Version","Guns N' Roses","Live Era '87-'93","","",""
"Not uploaded","Ethiopia","Red Hot Chili Peppers","I'm with You","","",""
"Not uploaded","Eu Vou de Bixo","Dj Thales Jql","Eu Vou de Bixo","","",""
"Not uploaded","Even In His Youth - B-Side","Nirvana","Nevermind (Super Deluxe Edition)","","",""
"Not uploaded","Even In His Youth - B-Side","Nirvana","Nevermind (Deluxe Edition)","","",""
"Not uploaded","Even In His Youth - Demo","Nirvana","With The Lights Out - Box Set","","",""
"Not uploaded","Even My Dad Does Sometimes","Ed Sheeran","x (10th Anniversary Edition)","","",""
"Not uploaded","Even My Dad Does Sometimes","Ed Sheeran","x (Wembley Edition)","","",""
"Not uploaded","Even My Dad Does Sometimes","Ed Sheeran","x (Deluxe Edition)","","",""
"Not uploaded","Even You Brutus?","Red Hot Chili Peppers","I'm with You","","",""
"Not uploaded","Every Hour","Kanye West, Sunday Service Choir","JESUS IS KING","","",""
"Not uploaded","Everybody Knows This Is Nowhere - Live","Red Hot Chili Peppers","Rock & Roll Hall of Fame Covers - EP","","",""
"Not uploaded","Everything I Am","Kanye West, DJ Premier","Graduation","","",""
"Not uploaded","Everything We Need","Kanye West, Ty Dolla $ign, Ant Clemons","JESUS IS KING","","",""
"Not uploaded","Eyes Closed","Ed Sheeran","+-=÷× (Tour Collection: Live)","","",""
"Not uploaded","Eyes Closed","Ed Sheeran","+-=÷× (Tour Collection)","","",""
"Not uploaded","Eyes Closed","Ed Sheeran","- (Deluxe)","","",""
"Not uploaded","Eyes Closed","Ed Sheeran","Eyes Closed (Piano Version)","","",""
"Not uploaded","Eyes Closed","Ed Sheeran","Eyes Closed (Lost Frequencies Remix)","","",""
"Not uploaded","Eyes Closed - Live","Ed Sheeran","+-=÷× (Tour Collection: Live)","","",""
"Not uploaded","Eyes Closed - Lost Frequencies Remix","Ed Sheeran, Lost Frequencies","Eyes Closed (Lost Frequencies Remix)","","",""
"Not uploaded","Eyes Closed - Piano Version","Ed Sheeran","Eyes Closed (Piano Version)","","",""
"Not uploaded","F64","Ed Sheeran","F64","","",""
"Not uploaded","FAM GOOD, WE GOOD (feat. Gunna & Roddy Ricch)","DJ Khaled, Gunna, Roddy Ricch","GOD DID","","",""
"Not uploaded","FAVELA BABY","Jamesy","SELFMADE","","",""
"Not uploaded","FIELD TRIP","¥$, Kanye West, Ty Dolla $ign","VULTURES 2","","",""
"Not uploaded","FIRST TIME IN A LONG TIME","DONDA, Kanye West, Ye","DONDA 2","","",""
"Not uploaded","FML","Kanye West","The Life Of Pablo","","",""
"Not uploaded","FOREVER","¥$, Kanye West, Ty Dolla $ign","VULTURES 2","","",""
"Not uploaded","FOREVER ROLLING","¥$, Kanye West, Ty Dolla $ign","VULTURES 2","","",""
"Not uploaded","FRIED","¥$, Kanye West, Ty Dolla $ign","VULTURES 2","","",""
"Not uploaded","FTP","Jamesy","P2P","","",""
"Not uploaded","FUK SUMN","¥$, Kanye West, Ty Dolla $ign","VULTURES 1","","",""
"Not uploaded","Factory of Faith","Red Hot Chili Peppers","I'm with You","","",""
"Not uploaded","Facts (Charlie Heat Version)","Kanye West","The Life Of Pablo","","",""
"Not uploaded","Fade","Kanye West","The Life Of Pablo","","",""
"Not uploaded","Fakaula Timilai","Oasis Thapa","Fakaula Timilai","","",""
"Not uploaded","Fakauna Ma","Sushant KC, LIL Rock Look, Sheeesh Hardik","Fakauna Ma","","",""
"Not uploaded","Fake as Fu@k","Red Hot Chili Peppers","Return of the Dream Canteen","","",""
"Not uploaded","Fall","Ed Sheeran","5","","",""
"Not uploaded","Fall - Live at the Bedford","Ed Sheeran","5","","",""
"Not uploaded","Fall - Live at the Bedford","Ed Sheeran","Live at the Bedford","","",""
"Not uploaded","Falling Apart","Sushant KC","Blue Figments","","",""
"Not uploaded","Falling into Grace","Red Hot Chili Peppers","One Hot Minute (Deluxe Edition)","","",""
"Not uploaded","Falling into Grace","Red Hot Chili Peppers","One Hot Minute","","",""
"Not uploaded","Falling into Grace","Red Hot Chili Peppers","The Studio Album Collection 1991 - 2011","","",""
"Not uploaded","False Alarm","The Weeknd","Starboy (Deluxe)","","",""
"Not uploaded","Family (feat. P Money)","Ed Sheeran, P Money","5","","",""
"Not uploaded","Family (feat. P Money)","Ed Sheeran, P Money","No.5 Collaborations Project","","",""
"Not uploaded","Family Business","Kanye West","The College Dropout","","",""
"Uploaded","Family Feud","Beyoncé, JAŸ-Z","4:44","public/songs/JAŸ-Z/4_44/Family Feud.mp3","/songs/JA%C5%B8-Z/4_44/Family%20Feud.mp3","D:\vinyl-demo\public\songs\JAŸ-Z\4_44\Family Feud.mp3"
"Not uploaded","Famous","Kanye West","The Life Of Pablo","","",""
"Not uploaded","Farak Parcha, Pardaina?","Bartika Eam Rai","Aandhii, Ityaadi","","",""
"Not uploaded","Farkanna Hola","John Rai","Farkanna Hola","","",""
"Not uploaded","Farkanna Hola (Fast track)","John Rai","Farkanna Hola (Fast track)","","",""
"Not uploaded","Fat Dance - 2006 Remaster","Red Hot Chili Peppers","Californication (Deluxe Edition)","","",""
"Not uploaded","Father Figure","Taylor Swift","The Life of a Showgirl","","",""
"Not uploaded","Father Figure","Taylor Swift","The Life of a Showgirl (Track by Track Version)","","",""
"Not uploaded","Father Figure","Taylor Swift","The Life of a Showgirl + Acoustic Collection","","",""
"Not uploaded","Father Figure - Track by Track","Taylor Swift","The Life of a Showgirl (Track by Track Version)","","",""
"Not uploaded","Father Stretch My Hands Pt. 1","Kanye West","The Life Of Pablo","","",""
"Not uploaded","Favela Baby","Jamesy","Favela Baby","","",""
"Not uploaded","Fear Of Heights","Drake","For All The Dogs","","",""
"Not uploaded","Feasting on the Flowers","Red Hot Chili Peppers","The Getaway","","",""
"Not uploaded","Feedback","Kanye West","The Life Of Pablo","","",""
"Not uploaded","Feedback Jam - Live In Los Angeles, Great Western Forum - December 30, 1993","Nirvana","In Utero (30th Anniversary Super Deluxe)","","",""
"Not uploaded","Feel Drilled","Dj khalipha","Limitless","","",""
"Not uploaded","Feel The Love","KIDS SEE GHOSTS, Pusha T","KIDS SEE GHOSTS","","",""
"Not uploaded","Feels (feat. Young Thug & J Hus)","Ed Sheeran, Young Thug, J Hus","No.6 Collaborations Project","","",""
"Not uploaded","Feri Chauneychau","The Edge Band","Alag","","",""
"Not uploaded","Fewataal","Yabesh Thapa, Dong","Fewataal","","",""
"Not uploaded","Fica de Quatro","Dj Thales Jql","Fica de Quatro","","",""
"Not uploaded","Fight Like A Brave","Red Hot Chili Peppers","The Uplift Mofo Party Plan","","",""
"Not uploaded","Fight Like A Brave","Red Hot Chili Peppers","What Hits!?","","",""
"Not uploaded","Fire","KIDS SEE GHOSTS","KIDS SEE GHOSTS","","",""
"Not uploaded","Fire","Red Hot Chili Peppers","What Hits!?","","",""
"Not uploaded","Fire - Remastered 2003","Red Hot Chili Peppers","Mother's Milk","","",""
"Not uploaded","Fire Alarms","Ed Sheeran","5","","",""
"Not uploaded","Firefly","Ed Sheeran","5","","",""
"Not uploaded","Firefly","Ed Sheeran","Loose Change","","",""
"Not uploaded","First Person Shooter (feat. J. Cole)","Drake, J. Cole","For All The Dogs","","",""
"Not uploaded","First Times","Ed Sheeran","= (Tour Edition)","","",""
"Not uploaded","First Times","Ed Sheeran","=","","",""
"Not uploaded","Flashing Lights","Kanye West, Dwele","Graduation","","",""
"Not uploaded","Flautinha do mal","Dj Thales Jql, Dj Biel Sb","Flautinha do mal","","",""
"Not uploaded","Florida!!! (feat. Florence + The Machine)","Taylor Swift, Florence + The Machine","THE TORTURED POETS DEPARTMENT: THE ANTHOLOGY","","",""
"Not uploaded","Floyd The Barber","Nirvana","Bleach (Deluxe Edition)","","",""
"Not uploaded","Floyd The Barber","Nirvana","Bleach","","",""
"Not uploaded","Floyd The Barber (Live at Pine Street Theatre)","Nirvana","Bleach (Deluxe Edition)","","",""
"Not uploaded","Floyd The Barber - Live","Nirvana","Sliver - The Best Of The Box","","",""
"Not uploaded","Floyd The Barber - Live","Nirvana","With The Lights Out - Box Set","","",""
"Not uploaded","Floyd The Barber - Live At The Paramount/1991","Nirvana","Live At The Paramount","","",""
"Not uploaded","Floyd The Barber - Live In Amsterdam, Netherlands/1991","Nirvana","Nevermind (30th Anniversary Super Deluxe)","","",""
"Not uploaded","Floyd The Barber - Live In Del Mar, California/1991","Nirvana","Nevermind (30th Anniversary Super Deluxe)","","",""
"Not uploaded","Follow God","Kanye West","JESUS IS KING","","",""
"Not uploaded","For Always","Ed Sheeran","Play (Extended Edition)","","",""
"Not uploaded","For Always","Ed Sheeran","Play","","",""
"Not uploaded","For My Love","Rockheads","For My Love","","",""
"Not uploaded","Forgotten Tune - Demo / Instrumental","Nirvana","In Utero (Super Deluxe Edition)","","",""
"Not uploaded","Forgotten Tune - Demo / Instrumental","Nirvana","In Utero (Deluxe Edition)","","",""
"Not uploaded","Fortune Faded","Red Hot Chili Peppers","Greatest Hits","","",""
"Not uploaded","Frances Farmer Will Have Her Revenge On Seattle","Nirvana","In Utero (Super Deluxe Edition)","","",""
"Not uploaded","Frances Farmer Will Have Her Revenge On Seattle","Nirvana","In Utero (Deluxe Edition)","","",""
"Not uploaded","Frances Farmer Will Have Her Revenge On Seattle","Nirvana","In Utero","","",""
"Not uploaded","Frances Farmer Will Have Her Revenge On Seattle - 2013 Mix","Nirvana","In Utero (Super Deluxe Edition)","","",""
"Not uploaded","Frances Farmer Will Have Her Revenge On Seattle - 2013 Mix","Nirvana","In Utero (Deluxe Edition)","","",""
"Not uploaded","Frances Farmer Will Have Her Revenge On Seattle - 2023 Remaster","Nirvana","In Utero (30th Anniversary Super Deluxe)","","",""
"Not uploaded","Frances Farmer Will Have Her Revenge On Seattle - Demo / Instrumental","Nirvana","In Utero (Super Deluxe Edition)","","",""
"Not uploaded","Frances Farmer Will Have Her Revenge On Seattle - Demo / Instrumental","Nirvana","In Utero (Deluxe Edition)","","",""
"Not uploaded","Frances Farmer Will Have Her Revenge On Seattle - Live In Los Angeles, Great Western Forum - December 30, 1993","Nirvana","In Utero (30th Anniversary Super Deluxe)","","",""
"Not uploaded","Frances Farmer Will Have Her Revenge On Seattle - Live In Seattle, Seattle Center Arena - January 7, 1994","Nirvana","In Utero 30th Live","","",""
"Not uploaded","Frank's Track","Kanye West","The Life Of Pablo","","",""
"Not uploaded","Freak N You (feat. Lil Wayne & Gunna)","DJ Khaled, Lil Wayne, Gunna","Father Of Asahd","","",""
"Not uploaded","Freaky Styley","Red Hot Chili Peppers","Freaky Styley","","",""
"Not uploaded","Freaky Styley - Remastered","Red Hot Chili Peppers","Freaky Styley","","",""
"Not uploaded","Freedom","Ed Sheeran","Play (Extended Edition)","","",""
"Not uploaded","Freeee (Ghost Town Pt. 2)","KIDS SEE GHOSTS, Ty Dolla $ign","KIDS SEE GHOSTS","","",""
"Not uploaded","Freestyle 4","Kanye West","The Life Of Pablo","","",""
"Not uploaded","Freestyle Preto","Dj Thales Jql, Mc Duffs","Freestyle Preto","","",""
"Not uploaded","Fresh Out The Slammer","Taylor Swift","THE TORTURED POETS DEPARTMENT: THE ANTHOLOGY","","",""
"Not uploaded","Fulthunge Rani","Sujan Chapagain","Fulthunge Rani","","",""
"Not uploaded","Fulthunge Rani - Flute Version","Sujan Chapagain","Fulthunge Rani (Flute Version)","","",""
"Not uploaded","Funky Crime","Red Hot Chili Peppers","The Uplift Mofo Party Plan","","",""
"Not uploaded","Funky Monks","Red Hot Chili Peppers","Blood Sugar Sex Magik","","",""
"Not uploaded","Funky Monks","Red Hot Chili Peppers","The Studio Album Collection 1991 - 2011","","",""
"Not uploaded","Funny Face","Red Hot Chili Peppers","Snow (Hey Oh)","","",""
"Not uploaded","GET LOST","DONDA, Kanye West, Ye","DONDA 2","","",""
"Not uploaded","GIMME A HUG","Drake","$ome $exy $ongs 4 U","","",""
"Not uploaded","GOAT THINGS","YABI The G.O.A.T","GOAT THINGS","","",""
"Uploaded","GOD DID (feat. Rick Ross, Lil Wayne, Jay-Z, John Legend & Fridayy)","Fridayy, JAŸ-Z, John Legend, Lil Wayne, Rick Ross","GOD DID","public/songs/DJ Khaled/GOD DID/GOD DID (feat. Rick Ross, Lil Wayne, Jay-Z, John Legend & Fridayy).mp3","/songs/DJ%20Khaled/GOD%20DID/GOD%20DID%20(feat.%20Rick%20Ross%2C%20Lil%20Wayne%2C%20Jay-Z%2C%20John%20Legend%20%26%20Fridayy).mp3","D:\vinyl-demo\public\songs\DJ Khaled\GOD DID\GOD DID (feat. Rick Ross, Lil Wayne, Jay-Z, John Legend & Fridayy).mp3"
"Not uploaded","GOLDWING","Billie Eilish","Happier Than Ever","","",""
"Not uploaded","GOOD VIBES","Jamesy, Milano, Lil Lakhey, Fuchhe","SELFMADE","","",""
"Not uploaded","GP4","Jamesy","GP4","","",""
"Not uploaded","GRATEFUL (feat. Vory)","DJ Khaled, Vory","GOD DID","","",""
"Not uploaded","GRATEFUL (feat. Vory)","DJ Khaled, Vory","GRATEFUL (feat. Vory)","","",""
"Not uploaded","GREECE (feat. Drake)","DJ Khaled, Drake","GREECE (feat. Drake)","","",""
"Not uploaded","GVNMAN","Jamesy","GVNMAN","","",""
"Not uploaded","Gajalu","Sushant KC","Gajalu","","",""
"Not uploaded","Gala Pukka","Sujan Chapagain","Gala Pukka","","",""
"Not uploaded","Gallons Of Rubbing Alcohol Flow Through The Strip","Nirvana","In Utero (Super Deluxe Edition)","","",""
"Not uploaded","Gallons Of Rubbing Alcohol Flow Through The Strip","Nirvana","In Utero (Deluxe Edition)","","",""
"Not uploaded","Gallons Of Rubbing Alcohol Flow Through The Strip - 2023 Remaster","Nirvana","In Utero (30th Anniversary Super Deluxe)","","",""
"Not uploaded","Galway Girl","Ed Sheeran","+-=÷× (Tour Collection: Live)","","",""
"Not uploaded","Galway Girl","Ed Sheeran","+-=÷× (Tour Collection)","","",""
"Not uploaded","Galway Girl","Ed Sheeran","Divide ÷ (Deluxe)","","",""
"Not uploaded","Galway Girl","Ed Sheeran","names in lights at stadium heights","","",""
"Not uploaded","Galway Girl - Live","Ed Sheeran","+-=÷× (Tour Collection: Live)","","",""
"Not uploaded","Gantabya","The Edge Band","Gantabya","","",""
"Not uploaded","Garden Of Eden","Guns N' Roses","Use Your Illusion I","","",""
"Not uploaded","Garden Of Eden - 2022 Remaster","Guns N' Roses","Use Your Illusion I (Deluxe Edition)","","",""
"Not uploaded","Garden Of Eden - 2022 Remaster","Guns N' Roses","Use Your Illusion (Super Deluxe)","","",""
"Not uploaded","Gari Khana Deu","Albatross","Ma Ra Malai","","",""
"Not uploaded","Gari Khana Deu II","Albatross","Ma Ra Malai","","",""
"Not uploaded","Garo Bho","Ciney Gurung","Hidchhu","","",""
"Not uploaded","Gasoline - Live","The Weeknd","Live At SoFi Stadium","","",""
"Not uploaded","Get Em High","Kanye West, Talib Kweli, Common","The College Dropout","","",""
"Not uploaded","Get In The Ring","Guns N' Roses","Use Your Illusion II","","",""
"Not uploaded","Get In The Ring - 2022 Remaster","Guns N' Roses","Use Your Illusion II (Deluxe Edition)","","",""
"Not uploaded","Get In The Ring - 2022 Remaster","Guns N' Roses","Use Your Illusion (Super Deluxe)","","",""
"Not uploaded","Get Up And Jump","Red Hot Chili Peppers","What Hits!?","","",""
"Not uploaded","Get Up And Jump - 2002 Digital Remaster","Red Hot Chili Peppers","Red Hot Chili Peppers","","",""
"Not uploaded","Get Up And Jump - Demo Version","Red Hot Chili Peppers","Red Hot Chili Peppers","","",""
"Not uploaded","Get on Top","Red Hot Chili Peppers","Californication (Deluxe Edition)","","",""
"Not uploaded","Get on Top","Red Hot Chili Peppers","Californication","","",""
"Not uploaded","Get on Top","Red Hot Chili Peppers","The Studio Album Collection 1991 - 2011","","",""
"Not uploaded","Ghamandi","DJ Bishow, Vek, TAKKI","PROJECT COLLABORATION (DELUXE)","","",""
"Not uploaded","Ghar (Yaadharu)","Bartika Eam Rai","Taral","","",""
"Not uploaded","Ghar Gaun","AXIX","Ghar Gaun","","",""
"Not uploaded","Gharako Kancho Choro","Samir Shrestha","Gharako Kancho Choro","","",""
"Not uploaded","Ghost Town","Kanye West, PARTYNEXTDOOR","ye","","",""
"Not uploaded","Ghumi Ghumi (A Folk Journey)","Sujan Chapagain, Shanti Shree Pariyar","Ghumi Ghumi (A Folk Journey)","","",""
"Not uploaded","Ghumi Phiri","Sajjan Raj Vaidya","Nepali Angreji","","",""
"Not uploaded","Ghumi Phiri","Sajjan Raj Vaidya","Ghumi Phiri","","",""
"Not uploaded","Ghumi Phiri: Prelude","Sajjan Raj Vaidya, Manish Gandharva","Ghumi Phiri","","",""
"Not uploaded","Ghumi Phiri: Prelude","Sajjan Raj Vaidya","Ghumi Phiri: Prelude","","",""
"Not uploaded","Gimme A Second 2","Rich The Kid, Kanye West, Peso Pluma, Ty Dolla $ign","Gimme A Second 2","","",""
"Not uploaded","Give It Away","Red Hot Chili Peppers","Blood Sugar Sex Magik","","",""
"Not uploaded","Give It Away","Red Hot Chili Peppers","The Studio Album Collection 1991 - 2011","","",""
"Not uploaded","Give It Away","Red Hot Chili Peppers","Greatest Hits","","",""
"Not uploaded","Give Me Love","Ed Sheeran","+-=÷× (Tour Collection: Live)","","",""
"Not uploaded","Give Me Love","Ed Sheeran","+-=÷× (Tour Collection)","","",""
"Not uploaded","Give Me Love","Ed Sheeran","+","","",""
"Not uploaded","Give Me Love - Live","Ed Sheeran","+-=÷× (Tour Collection: Live)","","",""
"Not uploaded","Go Robot","Red Hot Chili Peppers","The Getaway","","",""
"Not uploaded","God Breathed","Kanye West","Donda (Deluxe)","","",""
"Not uploaded","God Breathed","Kanye West","Donda","","",""
"Not uploaded","God Is","Kanye West","JESUS IS KING","","",""
"Not uploaded","Gold Digger","Kanye West, Jamie Foxx","Late Registration","","",""
"Not uploaded","Gold Digger - AOL Sessions","Kanye West, Jamie Foxx","Late Orchestration","","",""
"Not uploaded","Gold Rush","Ed Sheeran","my forgotten favourites","","",""
"Not uploaded","Gold Rush - Deluxe Edition","Ed Sheeran","+","","",""
"Not uploaded","Good Bye","Were, Dj Khala","Good Bye (Good Bay)","","",""
"Not uploaded","Good Life","Kanye West, T-Pain","Graduation","","",""
"Not uploaded","Good Morning","Kanye West","Graduation","","",""
"Not uploaded","Good Night","Kanye West, Mos Def, Albe Back","Graduation","","",""
"Not uploaded","Good Time Boys - Remastered 2003","Red Hot Chili Peppers","Mother's Milk","","",""
"Not uploaded","Goodbye Angels","Red Hot Chili Peppers","The Getaway","","",""
"Not uploaded","Goodbye Angels","Red Hot Chili Peppers","Goodbye Angels","","",""
"Not uploaded","Goodbye Hooray","Red Hot Chili Peppers","I'm with You","","",""
"Not uploaded","Goodbye to You (feat. Dot Rotten)","Ed Sheeran, Zeph Ellis","5","","",""
"Not uploaded","Goodbye to You (feat. Dot Rotten)","Ed Sheeran, Zeph Ellis","No.5 Collaborations Project","","",""
"Not uploaded","Gorgeous","Kanye West, Kid Cudi, Raekwon","My Beautiful Dark Twisted Fantasy","","",""
"Uploaded","Gotta Have It","JAŸ-Z, Kanye West","Watch The Throne (Deluxe)","public/songs/JAŸ-Z/Watch The Throne (Deluxe)/Gotta Have It.mp3","/songs/JA%C5%B8-Z/Watch%20The%20Throne%20(Deluxe)/Gotta%20Have%20It.mp3","D:\vinyl-demo\public\songs\JAŸ-Z\Watch The Throne (Deluxe)\Gotta Have It.mp3"
"Uploaded","Gotta Have It (Clean) - Jay-Z Kanye West","JAŸ-Z, Kanye West","Watch The Throne (Deluxe)","public/songs/JAŸ-Z/Watch The Throne (Deluxe)/Gotta Have It (Clean) - Jay-Z Kanye West.mp3","/songs/JA%C5%B8-Z/Watch%20The%20Throne%20(Deluxe)/Gotta%20Have%20It%20(Clean)%20-%20Jay-Z%20Kanye%20West.mp3","D:\vinyl-demo\public\songs\JAŸ-Z\Watch The Throne (Deluxe)\Gotta Have It (Clean) - Jay-Z Kanye West.mp3"
"Not uploaded","Grade 8","Ed Sheeran","+","","",""
"Not uploaded","Grade 8","Ed Sheeran","my forgotten favourites","","",""
"Not uploaded","Graduation Day","Kanye West","The College Dropout","","",""
"Not uploaded","Grand Pappy Du Plenty - 2002 Digital Remaster","Red Hot Chili Peppers","Red Hot Chili Peppers","","",""
"Not uploaded","Green Heaven - 2002 Digital Remaster","Red Hot Chili Peppers","Red Hot Chili Peppers","","",""
"Not uploaded","Green Heaven - Demo Version","Red Hot Chili Peppers","Red Hot Chili Peppers","","",""
"Not uploaded","Grey Goose - Instrumental Demo","Nirvana","With The Lights Out - Box Set","","",""
"Not uploaded","Groundwork","Big Narstie, Ed Sheeran, Papoose","Groundwork","","",""
"Not uploaded","Guilt Trip","Kanye West","Yeezus","","",""
"Not uploaded","Guilty as Sin?","Taylor Swift","THE TORTURED POETS DEPARTMENT: THE ANTHOLOGY","","",""
"Not uploaded","Gulabi","Sushant KC","Gulabi","","",""
"Not uploaded","Gunaaso","Oasis Thapa","Gunaaso","","",""
"Not uploaded","Guras Ko Fed Muni","Sabin Rai","Sataha","","",""
"Not uploaded","HIGHS AND LOWS","Jamesy","SELFMADE","","",""
"Not uploaded","HOODRAT","¥$, Kanye West, Ty Dolla $ign","VULTURES 1","","",""
"Not uploaded","HUSBAND","¥$, Kanye West, Ty Dolla $ign","VULTURES 2","","",""
"Not uploaded","Hair Of The Dog","Guns N' Roses","The Spaghetti Incident?","","",""
"Not uploaded","Hairspray Queen","Nirvana","Incesticide","","",""
"Not uploaded","Hajar Janma","Rockheads","Hajar Janma","","",""
"Not uploaded","Halka Halka","DJ Bishow, Krizn, Rigden Nadik","Halka Halka","","",""
"Not uploaded","Halkhabar","Yabesh Thapa","Halkhabar","","",""
"Not uploaded","Halley's Comet","Billie Eilish","Happier Than Ever","","",""
"Not uploaded","Hamro Maya","The Edge Band","Hamro Maya","","",""
"Not uploaded","Hanalei","Red Hot Chili Peppers","Hanalei / Open/Close","","",""
"Not uploaded","Handful","Red Hot Chili Peppers","Return of the Dream Canteen","","",""
"Not uploaded","Hands On","Kanye West, Fred Hammond","JESUS IS KING","","",""
"Not uploaded","Hanyo","Chirag Khadka","Cosmic Soul","","",""
"Not uploaded","Happier","Ed Sheeran","+-=÷× (Tour Collection: Live)","","",""
"Not uploaded","Happier","Ed Sheeran","+-=÷× (Tour Collection)","","",""
"Not uploaded","Happier","Ed Sheeran","Divide ÷ (Deluxe)","","",""
"Not uploaded","Happier - Live","Ed Sheeran","+-=÷× (Tour Collection: Live)","","",""
"Not uploaded","Happiness Loves Company","Red Hot Chili Peppers","I'm with You","","",""
"Not uploaded","Happy Piano Riddim","Dj khalipha","Rave Sound","","",""
"Not uploaded","Har Saanjh","The Edge Band","Gantabya","","",""
"Not uploaded","Harauna Deu","Swoopna Suman, Sushant KC, Foeseal","Harauna Deu","","",""
"Not uploaded","Hard Skool","Guns N' Roses","Hard Skool","","",""
"Not uploaded","Hard to Concentrate","Red Hot Chili Peppers","Stadium Arcadium","","",""
"Not uploaded","Hassa","Chirag Khadka","Hassa","","",""
"Not uploaded","Hataarindai, Bataasindai","Sajjan Raj Vaidya, Shyam Nepali","Hataarindai, Bataasindai","","",""
"Not uploaded","Havana Affair - 2012 Remaster","Red Hot Chili Peppers","Rock & Roll Hall of Fame Covers - EP","","",""
"Not uploaded","Hawa Jastai (Raw)","John Rai","Hawa Jastai (Raw)","","",""
"Not uploaded","Hawa Le","Sushant KC","Hawa Le","","",""
"Not uploaded","Hawaaijahaaj","Bartika Eam Rai","Bimbaakash","","",""
"Not uploaded","Hawaijahaj","Sajjan Raj Vaidya","Sajjan Raj Vaidya 2016 Releases","","",""
"Not uploaded","Head > Heels","Ed Sheeran","Autumn Variations (Fan Living Room Sessions)","","",""
"Not uploaded","Head > Heels","Ed Sheeran","Autumn Variations","","",""
"Not uploaded","Head > Heels - Live from Keira’s Living Room","Ed Sheeran","Autumn Variations (Fan Living Room Sessions)","","",""
"Not uploaded","Heard 'Em Say","Kanye West, Adam Levine","Late Registration","","",""
"Not uploaded","Heard 'Em Say - Live At Abbey Road Studios","Kanye West, Adam Levine","Late Orchestration","","",""
"Not uploaded","Heart Shaped Box - 2013 Mix","Nirvana","In Utero (Super Deluxe Edition)","","",""
"Not uploaded","Heart Shaped Box - 2013 Mix","Nirvana","In Utero (Deluxe Edition)","","",""
"Not uploaded","Heart Shaped Box - Demo","Nirvana","Sliver - The Best Of The Box","","",""
"Not uploaded","Heart Shaped Box - Demo","Nirvana","With The Lights Out - Box Set","","",""
"Not uploaded","Heart Shaped Box - Live & Loud","Nirvana","Live And Loud","","",""
"Not uploaded","Heart Shaped Box - Original Steve Albini 1993 Mix","Nirvana","In Utero (Super Deluxe Edition)","","",""
"Not uploaded","Heart Shaped Box - Original Steve Albini 1993 Mix","Nirvana","In Utero (Deluxe Edition)","","",""
"Not uploaded","Heart-Shaped Box","Nirvana","In Utero (Super Deluxe Edition)","","",""
"Not uploaded","Heart-Shaped Box","Nirvana","In Utero","","",""
"Not uploaded","Heart-Shaped Box","Nirvana","Nirvana","","",""
"Not uploaded","Heart-Shaped Box - 2023 Remaster","Nirvana","In Utero (30th Anniversary Super Deluxe)","","",""
"Not uploaded","Heart-Shaped Box - Live In Los Angeles, CA, December 30, 1993","Nirvana","From The Muddy Banks Of The Wishkah (Live)","","",""
"Not uploaded","Heart-Shaped Box - Live In Los Angeles, Great Western Forum - December 30, 1993","Nirvana","In Utero (30th Anniversary Super Deluxe)","","",""
"Not uploaded","Heartbreak Hotel - 1986 Sound City Session","Guns N' Roses","Appetite For Destruction (Super Deluxe Edition)","","",""
"Not uploaded","Heartbreaker - Live","Nirvana","Sliver - The Best Of The Box","","",""
"Not uploaded","Heartbreaker - Live","Nirvana","With The Lights Out - Box Set","","",""
"Not uploaded","Heartless","Kanye West","808s & Heartbreak","","",""
"Not uploaded","Hearts Don't Break Around Here","Ed Sheeran","Divide ÷ (Deluxe)","","",""
"Not uploaded","Heaven","Ed Sheeran","Play (Extended Edition)","","",""
"Not uploaded","Heaven","Ed Sheeran","Play","","",""
"Not uploaded","Heaven and Hell","Kanye West","Donda (Deluxe)","","",""
"Not uploaded","Heaven and Hell","Kanye West","Donda","","",""
"Not uploaded","Hell Of A Life","Kanye West","My Beautiful Dark Twisted Fantasy","","",""
"Not uploaded","Hellskitchen 2.0","Albatross","Raat Ko Rani","","",""
"Not uploaded","Hellskitchen 2.0","Albatross","Hellskitchen 2.0","","",""
"Not uploaded","Help Me, I'm Hungry - Live","Nirvana","With The Lights Out - Box Set","","",""
"Not uploaded","Helpless","YABI The G.O.A.T, Dorje Da Vibe","Helpless","","",""
"Not uploaded","Hera Na","Samir Shrestha","Hera Na","","",""
"Not uploaded","Herana","Ciney Gurung","Hidchhu","","",""
"Not uploaded","Herda Herdai","Sushant KC","Blue Figments","","",""
"Not uploaded","Here Ever After","Red Hot Chili Peppers","Unlimited Love","","",""
"Not uploaded","Here She Comes Now - Demo","Nirvana","With The Lights Out - Box Set","","",""
"Not uploaded","Here She Comes Now - Smart Sessions","Nirvana","Nevermind (Super Deluxe Edition)","","",""
"Not uploaded","Here She Comes Now - Smart Sessions","Nirvana","Nevermind (Deluxe Edition)","","",""
"Not uploaded","Heritage Mara House Beat","Dj khalipha","Heritage Mara House Beat","","",""
"Not uploaded","Hey","Red Hot Chili Peppers","Stadium Arcadium","","",""
"Not uploaded","Hey Mama","Kanye West","Late Registration","","",""
"Not uploaded","Hey Moree","AXIX","Black and White","","",""
"Not uploaded","Hidchhu","Ciney Gurung","Hidchhu","","",""
"Not uploaded","Higher (feat. Nipsey Hussle & John Legend)","DJ Khaled, Nipsey Hussle, John Legend","Father Of Asahd","","",""
"Not uploaded","Higher Ground","Red Hot Chili Peppers","Greatest Hits","","",""
"Not uploaded","Higher Ground","Red Hot Chili Peppers","What Hits!?","","",""
"Not uploaded","Higher Ground - Ben's Mix","Red Hot Chili Peppers, Ben Grosse","Higher Ground / If You Want Me To Stay (Remixes)","","",""
"Not uploaded","Higher Ground - Candy Rot Mix","Red Hot Chili Peppers, JG Thirlwell","Higher Ground / If You Want Me To Stay (Remixes)","","",""
"Not uploaded","Higher Ground - Dub Mix","Red Hot Chili Peppers, J.G. Thirwell","Higher Ground (Remixes)","","",""
"Not uploaded","Higher Ground - Lawnge's Mix","Red Hot Chili Peppers, Black Sheep","Higher Ground / If You Want Me To Stay (Remixes)","","",""
"Not uploaded","Higher Ground - Munchkin Mix","Red Hot Chili Peppers, Daddy-O","Higher Ground (Remixes)","","",""
"Not uploaded","Higher Ground - Remastered 2003","Red Hot Chili Peppers","Mother's Milk","","",""
"Not uploaded","Highlights","Kanye West","The Life Of Pablo","","",""
"Not uploaded","Holaa","Bartika Eam Rai","Taral","","",""
"Not uploaded","Hold My Liquor","Kanye West","Yeezus","","",""
"Not uploaded","Hollywood (Africa)","Red Hot Chili Peppers","What Hits!?","","",""
"Not uploaded","Hollywood (Africa) - Remastered","Red Hot Chili Peppers","Freaky Styley","","",""
"Not uploaded","Holy Ground (feat. Buju Banton)","DJ Khaled, Buju Banton","Father Of Asahd","","",""
"Not uploaded","Holy Mountain (feat. Buju Banton, Sizzla, Mavado & 070 Shake)","DJ Khaled, Buju Banton, Sizzla, Mavado, 070 Shake","Father Of Asahd","","",""
"Not uploaded","Homeless","Ed Sheeran","5","","",""
"Not uploaded","Homeless","Ed Sheeran","Loose Change","","",""
"Not uploaded","Homeless - Live at the Bedford","Ed Sheeran","5","","",""
"Not uploaded","Homeless - Live at the Bedford","Ed Sheeran","Live at the Bedford","","",""
"Not uploaded","Hometown Gypsy","Red Hot Chili Peppers","The Sunset Sleeps / Hometown Gypsy","","",""
"Not uploaded","Hope (Mara House Beat)","Dj khalipha","Hope (Mara House Beat)","","",""
"Not uploaded","How Do I Make You Love Me? - Live","The Weeknd","Live At SoFi Stadium","","",""
"Not uploaded","How It Ends","Red Hot Chili Peppers","Catch My Death / How It Ends","","",""
"Not uploaded","How Would You Feel (Paean)","Ed Sheeran","Divide ÷ (Deluxe)","","",""
"Not uploaded","How long we can wait","Tribal Rain","How long we can wait","","",""
"Not uploaded","Human Being","Guns N' Roses","The Spaghetti Incident?","","",""
"Not uploaded","Hump de Bump","Red Hot Chili Peppers","Stadium Arcadium","","",""
"Not uploaded","Hunude Je Hunuchha","Tribal Rain","Roka Yo Samay","","",""
"Not uploaded","Hurricane","Kanye West, The Weeknd, Lil Baby","Donda (Deluxe)","","",""
"Not uploaded","Hurricane","Kanye West, The Weeknd, Lil Baby","Donda","","",""
"Not uploaded","Hurricane","Kanye West, The Weeknd, Lil Baby","Hurricane","","",""
"Not uploaded","Hurricane - Live","The Weeknd","Live At SoFi Stadium","","",""
"Not uploaded","Hyatteri","Sajjan Raj Vaidya","Hyatteri","","",""
"Uploaded","H•A•M","Kanye West, JAŸ-Z","Watch The Throne (Deluxe)","public/songs/JAŸ-Z/Watch The Throne (Deluxe)/H•A•M.mp3","/songs/JA%C5%B8-Z/Watch%20The%20Throne%20(Deluxe)/H%E2%80%A2A%E2%80%A2M.mp3","D:\vinyl-demo\public\songs\JAŸ-Z\Watch The Throne (Deluxe)\H•A•M.mp3"
"Not uploaded","I Am A God","Kanye West","Yeezus","","",""
"Not uploaded","I Can't Fucking Sing","The Weeknd","Hurry Up Tomorrow","","",""
"Not uploaded","I Could Die for You","Red Hot Chili Peppers","By the Way (Deluxe Edition)","","",""
"Not uploaded","I Could Die for You","Red Hot Chili Peppers","By the Way","","",""
"Not uploaded","I Could Have Lied","Red Hot Chili Peppers","Blood Sugar Sex Magik","","",""
"Not uploaded","I Could Have Lied","Red Hot Chili Peppers","The Studio Album Collection 1991 - 2011","","",""
"Not uploaded","I DID IT (feat. Post Malone, Megan Thee Stallion, Lil Baby & DaBaby)","DJ Khaled, Post Malone, DaBaby, Megan Thee Stallion, Lil Baby","I DID IT (feat. Post Malone, Megan Thee Stallion, Lil Baby & DaBaby)","","",""
"Not uploaded","I Didn't Change My Number","Billie Eilish","Happier Than Ever","","",""
"Not uploaded","I Don't Care","Ed Sheeran, Justin Bieber","+-=÷× (Tour Collection: Live)","","",""
"Not uploaded","I Don't Care","Ed Sheeran, Justin Bieber","+-=÷× (Tour Collection)","","",""
"Not uploaded","I Don't Care About You / Look At Your Game, Girl","Guns N' Roses","The Spaghetti Incident?","","",""
"Not uploaded","I Don't Want Your Money (feat. H.E.R.)","Ed Sheeran, H.E.R.","No.6 Collaborations Project","","",""
"Not uploaded","I Get Around - Live","Red Hot Chili Peppers","Rock & Roll Hall of Fame Covers - EP","","",""
"Not uploaded","I Hate Myself And Want To Die - 2013 Mix","Nirvana","In Utero (Super Deluxe Edition)","","",""
"Not uploaded","I Hate Myself And Want To Die - 2013 Mix","Nirvana","In Utero (Deluxe Edition)","","",""
"Not uploaded","I Hate Myself And Want To Die - 2023 Remaster","Nirvana","In Utero (30th Anniversary Super Deluxe)","","",""
"Not uploaded","I Hate Myself And Want To Die - Demo","Nirvana","With The Lights Out - Box Set","","",""
"Not uploaded","I Like Dirt","Red Hot Chili Peppers","Californication (Deluxe Edition)","","",""
"Not uploaded","I Like Dirt","Red Hot Chili Peppers","Californication","","",""
"Not uploaded","I Like Dirt","Red Hot Chili Peppers","The Studio Album Collection 1991 - 2011","","",""
"Not uploaded","I Like You (Anischaya)","Sushant KC","I Like You (Anischaya)","","",""
"Not uploaded","I Love It (& Lil Pump)","Kanye West, Lil Pump","I Love It","","",""
"Not uploaded","I Love Kanye","Kanye West","The Life Of Pablo","","",""
"Not uploaded","I Run - House Mix","DJ KHADY","I Run (House Mix)","","",""
"Not uploaded","I Run - House Mix Edit","DJ KHADY","I Run (House Mix)","","",""
"Not uploaded","I See Fire","Ed Sheeran","+-=÷× (Tour Collection: Live)","","",""
"Not uploaded","I See Fire","Ed Sheeran","+-=÷× (Tour Collection)","","",""
"Not uploaded","I See Fire","Ed Sheeran","x (10th Anniversary Edition)","","",""
"Not uploaded","I See Fire","Ed Sheeran","x (Wembley Edition)","","",""
"Not uploaded","I See Fire","Ed Sheeran","x (Deluxe Edition)","","",""
"Not uploaded","I See Fire - Live","Ed Sheeran","+-=÷× (Tour Collection: Live)","","",""
"Not uploaded","I Thought About Killing You","Kanye West","ye","","",""
"Not uploaded","I Was Only Joking / Patience - Live In New York, Ritz Theatre - May 16, 1991","Guns N' Roses","Use Your Illusion (Super Deluxe)","","",""
"Not uploaded","I Will Remember You","Ed Sheeran","= (Tour Edition)","","",""
"Not uploaded","I Won't Let You Go","YUNG TAMU, Jamesy, Milano","I Won't Let You Go","","",""
"Not uploaded","I Wonder","Kanye West","Graduation","","",""
"Not uploaded","I'll Be Your Domino","Red Hot Chili Peppers","Snow (Hey Oh)","","",""
"Not uploaded","I'll Fly Away","Kanye West","The College Dropout","","",""
"Not uploaded","I'm From The Ghetto","DJ Khaled","We The Best","","",""
"Not uploaded","I'm In It","Kanye West","Yeezus","","",""
"Not uploaded","I'm So Hood","DJ Khaled","We The Best","","",""
"Not uploaded","I'm a Mess","Ed Sheeran","x (10th Anniversary Edition)","","",""
"Not uploaded","I'm a Mess","Ed Sheeran","x (Wembley Edition)","","",""
"Not uploaded","I'm a Mess","Ed Sheeran","x (Deluxe Edition)","","",""
"Not uploaded","I'm a Mess","Ed Sheeran","songs I wrote that almost didn't make it","","",""
"Not uploaded","I.R.S.","Guns N' Roses","Chinese Democracy","","",""
"Not uploaded","IDGAF (feat. Yeat)","Drake, Yeat","For All The Dogs","","",""
"Not uploaded","INTRO","Jamesy","RISKTAPE","","",""
"Not uploaded","INTRO","DJ Bishow","PROJECT COLLABORATION (DELUXE)","","",""
"Not uploaded","INTRO","DJ Bishow","PROJECT COLLABORATION","","",""
"Not uploaded","INTRO (RISKTAPE)","Jamesy","INTRO (RISKTAPE)","","",""
"Not uploaded","INTRO SELFMADE","Jamesy","SELFMADE","","",""
"Not uploaded","ISABELLA","¥$, Kanye West, Ty Dolla $ign","VULTURES 2","","",""
"Not uploaded","IT AIN'T SAFE (feat. Nardo Wick & Kodak Black)","DJ Khaled, Nardo Wick, Kodak Black","GOD DID","","",""
"Not uploaded","IT AIN'T SAFE (feat. Nardo Wick & Kodak Black)","DJ Khaled, Nardo Wick, Kodak Black","IT AIN'T SAFE (feat. Nardo Wick & Kodak Black)","","",""
"Not uploaded","Ibtidaa","Albatross","Raat Ko Rani","","",""
"Not uploaded","Ibtidaa","Albatross","Ibtidaa","","",""
"Not uploaded","If","Red Hot Chili Peppers","Stadium Arcadium","","",""
"Not uploaded","If The World","Guns N' Roses","Chinese Democracy","","",""
"Not uploaded","If You Have to Ask","Red Hot Chili Peppers","Blood Sugar Sex Magik","","",""
"Not uploaded","If You Have to Ask","Red Hot Chili Peppers","The Studio Album Collection 1991 - 2011","","",""
"Not uploaded","If You Must - Demo","Nirvana","With The Lights Out - Box Set","","",""
"Not uploaded","If You Want Me To Stay","Red Hot Chili Peppers","What Hits!?","","",""
"Not uploaded","If You Want Me To Stay - Grosse's Mix","Red Hot Chili Peppers, Ben Grosse","Higher Ground / If You Want Me To Stay (Remixes)","","",""
"Not uploaded","If You Want Me To Stay - Mista Mix","Red Hot Chili Peppers, Black Sheep","Higher Ground / If You Want Me To Stay (Remixes)","","",""
"Not uploaded","If You Want Me To Stay - Open Slay Mix","Red Hot Chili Peppers, JG Thirlwell","Higher Ground / If You Want Me To Stay (Remixes)","","",""
"Not uploaded","If You Want Me To Stay - Remastered","Red Hot Chili Peppers","Freaky Styley","","",""
"Uploaded","Illest Motherf***** Alive","JAŸ-Z, Kanye West","Watch The Throne (Deluxe)","public/songs/JAŸ-Z/Watch The Throne (Deluxe)/Illest Motherf_____ Alive.mp3","/songs/JA%C5%B8-Z/Watch%20The%20Throne%20(Deluxe)/Illest%20Motherf_____%20Alive.mp3","D:\vinyl-demo\public\songs\JAŸ-Z\Watch The Throne (Deluxe)\Illest Motherf_____ Alive.mp3"
"Not uploaded","Illuminati Mara Dance Beat","Dj khalipha","Illuminati Mara Dance Beat","","",""
"Not uploaded","Immodium (Breed) - Smart Sessions","Nirvana","Nevermind (Super Deluxe Edition)","","",""
"Not uploaded","Immodium (Breed) - Smart Sessions","Nirvana","Nevermind (Deluxe Edition)","","",""
"Not uploaded","In Bloom","Nirvana","Nevermind (Super Deluxe Edition)","","",""
"Not uploaded","In Bloom","Nirvana","Nevermind (Remastered)","","",""
"Not uploaded","In Bloom","Nirvana","Nevermind (Deluxe Edition)","","",""
"Not uploaded","In Bloom","Nirvana","Nirvana","","",""
"Not uploaded","In Bloom - 1992/Live at Reading","Nirvana","Live at Reading","","",""
"Not uploaded","In Bloom - Devonshire Mix","Nirvana","Nevermind (Super Deluxe Edition)","","",""
"Not uploaded","In Bloom - Live In Los Angeles, Great Western Forum - December 30, 1993","Nirvana","In Utero (30th Anniversary Super Deluxe)","","",""
"Not uploaded","In Bloom - Live In Seattle, Seattle Center Arena - January 7, 1994","Nirvana","In Utero (30th Anniversary Super Deluxe)","","",""
"Not uploaded","In Bloom - Remastered 2021","Nirvana","Nevermind (30th Anniversary Super Deluxe)","","",""
"Not uploaded","In Bloom - Remastered 2021","Nirvana","Smells Like Teen Spirit / In Bloom / On A Plain / Lithium / Breed","","",""
"Not uploaded","In Bloom - Remastered 2021","Nirvana","In Bloom / On A Plain / Lithium / Breed","","",""
"Not uploaded","In Bloom - Smart Sessions","Nirvana","Nevermind (Super Deluxe Edition)","","",""
"Not uploaded","In Bloom - Smart Sessions","Nirvana","Nevermind (Deluxe Edition)","","",""
"Not uploaded","In Love Dying","Red Hot Chili Peppers","In Love Dying","","",""
"Not uploaded","In Other Words","Ed Sheeran","Play (Extended Edition)","","",""
"Not uploaded","In Other Words","Ed Sheeran","Play","","",""
"Not uploaded","In Other Words","Ed Sheeran","Play (Deluxe)","","",""
"Not uploaded","In the Snow","Red Hot Chili Peppers","Return of the Dream Canteen","","",""
"Not uploaded","Intro","Kanye West","The College Dropout","","",""
"Not uploaded","Intro","Chirag Khadka","Cosmic Soul","","",""
"Not uploaded","Intro (Live at Pine Street Theatre)","Nirvana","Bleach (Deluxe Edition)","","",""
"Not uploaded","Intro (We The Best)","DJ Khaled","We The Best","","",""
"Not uploaded","Intro - Live","The Weeknd","Live At SoFi Stadium","","",""
"Not uploaded","Intro - Live At London Astoria, UK, December 3, 1989","Nirvana","From The Muddy Banks Of The Wishkah (Live)","","",""
"Not uploaded","Intro - Ma Ra Malai","Albatross","Ma Ra Malai","","",""
"Not uploaded","Iphone Mara Beat (Street Dance)","Dj khalipha","Iphone Mara Beat (Street Dance)","","",""
"Not uploaded","It's Alright - Live","Guns N' Roses","Live Era '87-'93 (Live - Deluxe Edition)","","",""
"Not uploaded","It's Alright - Live In Houston / 1992","Guns N' Roses","Live Era '87-'93","","",""
"Not uploaded","It's Alright / November Rain - Live In Paris, Hippodrome De Vincennes - June 6, 1992","Guns N' Roses","Use Your Illusion I (Deluxe Edition)","","",""
"Not uploaded","It's Ok - Freestyle Acoustic Experimental","Tribal Rain","It's Ok (Freestyle Acoustic Experimental)","","",""
"Not uploaded","It's Only Natural","Red Hot Chili Peppers","Unlimited Love","","",""
"Not uploaded","It's So Easy","Guns N' Roses","Appetite For Destruction (Super Deluxe Edition)","","",""
"Not uploaded","It's So Easy","Guns N' Roses","Appetite For Destruction","","",""
"Not uploaded","It's So Easy - Live","Guns N' Roses","Live Era '87-'93 (Live - Deluxe Edition)","","",""
"Not uploaded","It's So Easy - Live At The Marquee Club, London / 1987","Guns N' Roses","Appetite For Destruction (Super Deluxe Edition)","","",""
"Not uploaded","It's So Easy - Live In Paris / 1992","Guns N' Roses","Live Era '87-'93","","",""
"Not uploaded","Ityaadi","Bartika Eam Rai","Aandhii, Ityaadi","","",""
"Not uploaded","Iwe Kiko Mara Street Beat","Dj khalipha, Ranti","Iwe Kiko Mara Street Beat","","",""
"Not uploaded","JADAKISS INTERLUDE (feat. Jadakiss)","DJ Khaled, Jadakiss","GOD DID","","",""
"Not uploaded","JAM€$¥-PATRAON","Jamesy, Yung G","JAM€$¥-PATRAON","","",""
"Not uploaded","JESSE","DONDA, Kanye West, Ye","DONDA 2","","",""
"Not uploaded","JHOLA MA JHAPS","Jamesy","RISKTAPE","","",""
"Not uploaded","JUST BE (feat. Justin Timberlake)","DJ Khaled, Justin Timberlake","JUST BE (feat. Justin Timberlake)","","",""
"Not uploaded","Ja vi puta que não era puta","Dj Thales Jql, Mc Jhey, Dj Rayan","Ja vi puta que não era puta","","",""
"Not uploaded","Jaandai Chu Taadha","The Edge Band","Jaandai Chu Taadha","","",""
"Not uploaded","Jaba Timi Aayeu","Sabin Rai","Rangamanch Ko Rang","","",""
"Not uploaded","Jaba Timi Sanga","The Edge Band","Jaba Timi Sanga","","",""
"Uploaded","Jail","Kanye West","Donda (Deluxe)","public/songs/Kanye West/Donda (Deluxe)/Jail.mp3","/songs/Kanye%20West/Donda%20(Deluxe)/Jail.mp3","D:\vinyl-demo\public\songs\Kanye West\Donda (Deluxe)\Jail.mp3"
"Not uploaded","Jail","Kanye West","Donda","","",""
"Not uploaded","Jail pt 2","Kanye West","Donda (Deluxe)","","",""
"Not uploaded","Jail pt 2","Kanye West","Donda","","",""
"Not uploaded","Jam - Demo","Nirvana","In Utero (Super Deluxe Edition)","","",""
"Not uploaded","Jam - Demo","Nirvana","In Utero (Deluxe Edition)","","",""
"Not uploaded","Janata Ma Appeal","Albatross, Nitesh Linkha Rai","Atti Bhayo","","",""
"Not uploaded","Jani Na Jani","Oasis Thapa","Jani Na Jani","","",""
"Not uploaded","Jau Ki Basu","Sabin Rai","Jau Ki Basu","","",""
"Not uploaded","Jealous (feat. Chris Brown, Lil Wayne & Big Sean)","DJ Khaled, Chris Brown, Lil Wayne, Big Sean","Father Of Asahd","","",""
"Not uploaded","Jeevan Mero","The Edge Band","Jeevan Mero","","",""
"Not uploaded","Jesus Doesn't Want Me For A Sunbeam - Live","Nirvana","MTV Unplugged In New York (25th Anniversary)","","",""
"Not uploaded","Jesus Doesn't Want Me For A Sunbeam - Live","Nirvana","MTV Unplugged In New York","","",""
"Not uploaded","Jesus Doesn't Want Me For A Sunbeam - Live At The Paramount/1991","Nirvana","Live At The Paramount","","",""
"Not uploaded","Jesus Doesn't Want Me For A Sunbeam - Live In Los Angeles, Great Western Forum - December 30, 1993","Nirvana","In Utero (30th Anniversary Super Deluxe)","","",""
"Not uploaded","Jesus Is Back","Jesus Of Swaggerath","Panther Black","","",""
"Not uploaded","Jesus Is Lord","Kanye West","JESUS IS KING","","",""
"Not uploaded","Jesus Lord","Kanye West","Donda (Deluxe)","","",""
"Not uploaded","Jesus Lord","Kanye West","Donda","","",""
"Not uploaded","Jesus Lord pt 2","Kanye West","Donda (Deluxe)","","",""
"Not uploaded","Jesus Lord pt 2","Kanye West","Donda","","",""
"Not uploaded","Jesus Walks","Kanye West","The College Dropout","","",""
"Not uploaded","Jesus Walks - Live At Abbey Road Studios","Kanye West","Late Orchestration","","",""
"Not uploaded","Jewnalai Garo Bho","The Edge Band","Vibes","","",""
"Not uploaded","Jhandai","Sushant KC","Jhandai","","",""
"Not uploaded","Jhari","Yabesh Thapa","Jhari","","",""
"Not uploaded","Jhari Ko Raat - Acoustic","Albatross","Barahsinghe Acoustic Sessions","","",""
"Not uploaded","Jhhari ko Raat","Albatross","Atti Bhayo","","",""
"Not uploaded","Jhilimili (Dilaima)","Samir Shrestha","Jhilimili (Dilaima)","","",""
"Not uploaded","Jhuto Maya","The Edge Band","Alag","","",""
"Not uploaded","Jhyal Bata","Sushant KC","Jhyal Bata","","",""
"Not uploaded","Jiudaixu","YABI The G.O.A.T, REX MUSIC","Jiudaixu","","",""
"Not uploaded","Jiunu Nai Hola","Tribal Rain","Roka Yo Samay","","",""
"Not uploaded","Joga Pra Frente, Joga Pra Tras","Dj Thales Jql","Joga Pra Frente, Joga Pra Tras","","",""
"Not uploaded","Johnny Kick A Hole In The Sky","Red Hot Chili Peppers","What Hits!?","","",""
"Not uploaded","Johnny, Kick A Hole In The Sky - Remastered 2003","Red Hot Chili Peppers","Mother's Milk","","",""
"Not uploaded","Jonah","Kanye West","Donda (Deluxe)","","",""
"Not uploaded","Jonah","Kanye West","Donda","","",""
"Not uploaded","Juice WRLD DID (feat. Juice WRLD)","DJ Khaled, Juice WRLD","GOD DID","","",""
"Not uploaded","Jumpin' Jack Flash - 1986 Sound City Session","Guns N' Roses","Appetite For Destruction (Super Deluxe Edition)","","",""
"Not uploaded","Jumpin' Jack Flash - Acoustic Version / 1986 Sound City Session","Guns N' Roses","Appetite For Destruction (Super Deluxe Edition)","","",""
"Not uploaded","Juneli","Tribal Rain","Juneli","","",""
"Not uploaded","Jungle Man","Red Hot Chili Peppers","What Hits!?","","",""
"Not uploaded","Jungle Man - Remastered","Red Hot Chili Peppers","Freaky Styley","","",""
"Not uploaded","Juni Vari Lai","Oasis Thapa","Juni Vari Lai","","",""
"Not uploaded","Junya","Kanye West","Donda (Deluxe)","","",""
"Not uploaded","Junya","Kanye West","Donda","","",""
"Not uploaded","Junya pt 2","Kanye West","Donda (Deluxe)","","",""
"Not uploaded","Junya pt 2","Kanye West","Donda","","",""
"Not uploaded","Just Cruizin'","Jesus Of Swaggerath","Panther Black","","",""
"Not uploaded","Just Us (feat. SZA)","DJ Khaled, SZA","Father Of Asahd","","",""
"Not uploaded","Just Us (feat. SZA)","DJ Khaled, SZA","Just Us","","",""
"Not uploaded","K Garne Life Ma","Chirag Khadka","Jay Shamboo","","",""
"Not uploaded","K Garney","Bizen, Yabesh Thapa","K Garney","","",""
"Not uploaded","K Garu","John Rai","K Garu","","",""
"Not uploaded","K Garu","John Rai","K Garu","","",""
"Not uploaded","K Huncha Bhanera","DJ Bishow, Yabesh Thapa","PROJECT COLLABORATION (DELUXE)","","",""
"Not uploaded","K Huncha Bhanera","DJ Bishow, Yabesh Thapa","PROJECT COLLABORATION","","",""
"Not uploaded","K Huncha Bhanera","DJ Bishow, Yabesh Thapa","K Huncha Bhanera","","",""
"Not uploaded","K Hunthyo Hola Hami Sangai Bhayeko Bhaye?","Bartika Eam Rai","Aandhii, Ityaadi","","",""
"Not uploaded","K paye?","Swar, Swapnil Sharma, Rohit Shakya","K paye?","","",""
"Not uploaded","KADAK NEPALI","YABI The G.O.A.T","KADAK NEPALI","","",""
"Not uploaded","KANCHI","YABI The G.O.A.T, COOLBOYYY","KANCHI","","",""
"Not uploaded","KEEP GOING (feat. Lil Durk, 21 Savage & Roddy Ricch)","DJ Khaled, Lil Durk, 21 Savage, Roddy Ricch","GOD DID","","",""
"Not uploaded","KEEP GOING (feat. Lil Durk, 21 Savage & Roddy Ricch)","DJ Khaled, Lil Durk, 21 Savage, Roddy Ricch","KEEP GOING (feat. Lil Durk, 21 Savage & Roddy Ricch)","","",""
"Not uploaded","KEEP THE FLOWERS","DONDA, Kanye West, Ye","DONDA 2","","",""
"Not uploaded","KEYS TO MY LIFE","¥$, Kanye West, Ty Dolla $ign","VULTURES 1","","",""
"Not uploaded","KHOKKA","Jamesy","KHOKKA","","",""
"Not uploaded","KING","¥$, Kanye West, Ty Dolla $ign","VULTURES 1","","",""
"Uploaded","KING","Kanye West","BULLY","public/songs/Kanye West/BULLY/KING.mp3","/songs/Kanye%20West/BULLY/KING.mp3","D:\vinyl-demo\public\songs\Kanye West\BULLY\KING.mp3"
"Not uploaded","Ka Kha Ga","Sajjan Raj Vaidya","Behuli","","",""
"Not uploaded","Ka Kha Ga","Sajjan Raj Vaidya","Basanta","","",""
"Not uploaded","Ka Kha Ga","Sajjan Raj Vaidya","Ka Kha Ga","","",""
"Not uploaded","Kaalpanik / Maayajastai","Bartika Eam Rai","Si Ma Na","","",""
"Not uploaded","Kaha Chau","YABI The G.O.A.T, Karan Bhatta","Kaha Chau","","",""
"Not uploaded","Kaha Janchau","Albatross, Uniq Poet","Raat Ko Rani","","",""
"Not uploaded","Kaha Janchau","Albatross, Uniq Poet","Kaha Janchau","","",""
"Not uploaded","Kaha Jau","Sushant KC","Blue Figments","","",""
"Not uploaded","Kahan Dekhi Kahan Samma","Sabin Rai","Rangamanch Ko Rang","","",""
"Not uploaded","Kahile Kahin","Albatross","Atti Bhayo","","",""
"Not uploaded","Kaile Ho Kaile","Chirag Khadka","Cosmic Soul","","",""
"Not uploaded","Kali","Jamesy","P2P","","",""
"Not uploaded","Kalo","Tribal Rain","Roka Yo Samay","","",""
"Not uploaded","Kalo Kalo Raat Ko","Sabin Rai","Sataha","","",""
"Not uploaded","Kalo/Seto","Purna Rai","Kalo/Seto","","",""
"Not uploaded","Kalpana","Oasis Thapa","Kalpana","","",""
"Not uploaded","Kamana","Yabesh Thapa","Kamana","","",""
"Not uploaded","Kasailai","The Edge Band","Vibes","","",""
"Not uploaded","Kasari","Yabesh Thapa","Kasari","","",""
"Not uploaded","Kasari","The Edge Band","Mero Prayas","","",""
"Not uploaded","Kasari Furkaaune","Oasis Thapa","Kasari Furkaaune","","",""
"Not uploaded","Kasto Yo Din","The Edge Band","Gantabya","","",""
"Not uploaded","Katha: Episode III - Marijau","Sajjan Raj Vaidya, Bikki Gurung","Katha: Episode III - Marijau","","",""
"Not uploaded","Katha: Episode V - Alapatra","Sajjan Raj Vaidya, Yabesh Thapa","Katha: Episode V - Alapatra","","",""
"Not uploaded","Katha: Episode VI - Aaundai Jaandai","Sajjan Raj Vaidya, Manish Gandharva, Sarun Tamrakar","Katha: Episode VI - Aaundai Jaandai","","",""
"Not uploaded","Katha: Episode VII - Jeevan","Sajjan Raj Vaidya, Dixita Karki","Katha: Episode VII - Jeevan","","",""
"Not uploaded","Katha: Episode VIII - Tadhiera","Sajjan Raj Vaidya, Wangden Sherpa","Katha: Episode VIII - Tadhiera","","",""
"Not uploaded","Kati Thulo Sapana","AXIX","Black and White","","",""
"Not uploaded","Ke Ko Mala","Ciney Gurung","Hidchhu","","",""
"Not uploaded","Keep My Spirit Alive","Kanye West","Donda (Deluxe)","","",""
"Not uploaded","Keep My Spirit Alive","Kanye West","Donda","","",""
"Not uploaded","Keep My Spirit Alive pt 2","Kanye West","Donda (Deluxe)","","",""
"Not uploaded","Khai","Bartika Eam Rai","Bimbaakash","","",""
"Not uploaded","Khaseka Tara","Albatross","Jo Jas Sanga Sambandhit Chha","","",""
"Not uploaded","Khaseka Tara - Acoustic","Albatross","Barahsinghe Acoustic Sessions","","",""
"Not uploaded","Khaseka Tara - Lockdown","Albatross","Khaseka Tara (Lockdown)","","",""
"Not uploaded","Khatra Barz","YABI The G.O.A.T, Khatra Lifestyle","Khatra Barz","","",""
"Not uploaded","Khatra Barz","Chirag Khadka, Khatra Lifestyle","Khatra Barz","","",""
"Not uploaded","Khel Chakraai","Oasis Thapa","Khel Chakraai","","",""
"Not uploaded","Kheladi","Sushant KC, Utsav","Kheladi","","",""
"Not uploaded","Khelauna","Sajjan Raj Vaidya, Karma Lala","Khelauna","","",""
"Not uploaded","Khola Kharey","Purna Rai","Khola Kharey","","",""
"Not uploaded","Khushi","Oasis Thapa","Khushi","","",""
"Not uploaded","Khushi","Oasis Thapa","Khushi","","",""
"Not uploaded","Khushi (Timro Laagi)","Bartika Eam Rai","Bimbaakash","","",""
"Not uploaded","Khusi Deykhchu Timi Aja","The Edge Band","Khusi Deykhchu Timi Aja","","",""
"Not uploaded","Kica na ponta da Pi","Dj Thales Jql","Kica na ponta da Pi","","",""
"Not uploaded","Kids See Ghosts","KIDS SEE GHOSTS, Yasiin Bey","KIDS SEE GHOSTS","","",""
"Uploaded","Kill Jay Z","JAŸ-Z","4:44","public/songs/JAŸ-Z/4_44/Kill Jay Z.mp3","/songs/JA%C5%B8-Z/4_44/Kill%20Jay%20Z.mp3","D:\vinyl-demo\public\songs\JAŸ-Z\4_44\Kill Jay Z.mp3"
"Not uploaded","Kina Pawtauchau?","Rigden Nadik, Yabesh Thapa","Kina Pawtauchau?","","",""
"Not uploaded","Kiss Me","Ed Sheeran","+","","",""
"Not uploaded","Kiss Me","Ed Sheeran","kiss me under the light of a thousand stars","","",""
"Not uploaded","Knock Me Down","Red Hot Chili Peppers","What Hits!?","","",""
"Not uploaded","Knock Me Down - Original Long Version","Red Hot Chili Peppers","Mother's Milk","","",""
"Not uploaded","Knock Me Down - Remastered 2003","Red Hot Chili Peppers","Mother's Milk","","",""
"Not uploaded","Knockin' On Heaven's Door","Guns N' Roses","Use Your Illusion II","","",""
"Not uploaded","Knockin' On Heaven's Door","Guns N' Roses","Greatest Hits","","",""
"Not uploaded","Knockin' On Heaven's Door - 2022 Remaster","Guns N' Roses","Use Your Illusion II (Deluxe Edition)","","",""
"Not uploaded","Knockin' On Heaven's Door - 2022 Remaster","Guns N' Roses","Use Your Illusion (Super Deluxe)","","",""
"Not uploaded","Knockin' On Heaven's Door - Live","Guns N' Roses","Live Era '87-'93 (Live - Deluxe Edition)","","",""
"Not uploaded","Knockin' On Heaven's Door - Live At The Marquee Club, London / 1987","Guns N' Roses","Appetite For Destruction (Super Deluxe Edition)","","",""
"Not uploaded","Knockin' On Heaven's Door - Live In London / 1992","Guns N' Roses","Live Era '87-'93","","",""
"Not uploaded","Knockout","Dj Thales Jql","Knockout","","",""
"Not uploaded","Komal Tyo Timro","Sabin Rai","Sataha","","",""
"Not uploaded","Koshish","Albatross","Jo Jas Sanga Sambandhit Chha","","",""
"Not uploaded","Kosish","The Edge Band","Kosish","","",""
"Not uploaded","Kote - Sped Up","Moren, Dj khalipha","Kote (Sped Up)","","",""
"Not uploaded","Kulat","The Edge Band","Alag","","",""
"Not uploaded","Kunai Din Khusukka","Oasis Thapa, Kelsang Shrestha, Saswot Shrestha, Garage Music","Kunai Din Khusukka","","",""
"Not uploaded","Kura","Tribal Rain","Kura","","",""
"Not uploaded","Kuraakaani","Sajjan Raj Vaidya","Kuraakaani","","",""
"Not uploaded","Kuri Basechu","Sabal Dev Shrestha, Samir Shrestha","Kuri Basechu","","",""
"Not uploaded","Kwap","Chirag Khadka","Kwap","","",""
"Not uploaded","Kya Kardiya","Sushant KC","Kya Kardiya","","",""
"Not uploaded","LAJAYERA","Sujan Chapagain","LAJAYERA","","",""
"Not uploaded","LAST BREATH","Ye, Kanye West","BULLY","","",""
"Not uploaded","LET'S PRAY (feat. Don Toliver & Travis Scott)","DJ Khaled, Don Toliver, Travis Scott","GOD DID","","",""
"Not uploaded","LIFESTYLE","¥$, Kanye West, Ty Dolla $ign","VULTURES 2","","",""
"Not uploaded","LORD LIFT ME UP","DONDA, Kanye West, Ye","DONDA 2","","",""
"Not uploaded","LOSING YOUR MIND","Ye, Kanye West","BULLY","","",""
"Not uploaded","LOUIE BAGS","DONDA, Kanye West, Ye","DONDA 2","","",""
"Not uploaded","LOVE, MONEY, FAME (feat. DJ Khaled)","SEVENTEEN, DJ Khaled","LOVE, MONEY, FAME (feat. DJ Khaled) (Kenia OS Remix)","","",""
"Not uploaded","LOVE, MONEY, FAME (feat. DJ Khaled)","SEVENTEEN, DJ Khaled","LOVE, MONEY, FAME (feat. DJ Khaled) (Timbaland Remix)","","",""
"Not uploaded","LOVE, MONEY, FAME (feat. DJ Khaled) (Kenia OS Remix)","SEVENTEEN, DJ Khaled, Kenia Os","LOVE, MONEY, FAME (feat. DJ Khaled) (Kenia OS Remix)","","",""
"Not uploaded","LOVE, MONEY, FAME (feat. DJ Khaled) (Timbaland Remix)","SEVENTEEN, DJ Khaled, Timbaland","LOVE, MONEY, FAME (feat. DJ Khaled) (Timbaland Remix)","","",""
"Not uploaded","LUNCH","Billie Eilish","HIT ME HARD AND SOFT","","",""
"Not uploaded","La Carta","Were, Dj Khala","La Carta","","",""
"Not uploaded","La La La La La La La La","Red Hot Chili Peppers","Return of the Dream Canteen","","",""
"Not uploaded","Laakhau Hajarau","Yabesh Thapa","Laakhau Hajarau","","",""
"Not uploaded","Laal Gaadi","YABI The G.O.A.T","Laal Gaadi","","",""
"Not uploaded","Laayo Timiley Mayalu","The Edge Band","Laayo Timiley Mayalu","","",""
"Not uploaded","Laijaw Malai","Tribal Rain","Roka Yo Samay","","",""
"Not uploaded","Laijaw Malai - Unmastered","Tribal Rain","Laijaw Malai (Unmastered)","","",""
"Not uploaded","Lake Of Fire - Live","Nirvana","MTV Unplugged In New York (25th Anniversary)","","",""
"Not uploaded","Lake Of Fire - Live","Nirvana","MTV Unplugged In New York","","",""
"Not uploaded","Last Call","Kanye West","The College Dropout","","",""
"Not uploaded","Late","Kanye West","Late Registration","","",""
"Not uploaded","Late - Live At Abbey Road Studios","Kanye West","Late Orchestration","","",""
"Not uploaded","Lately","Red Hot Chili Peppers","Dani California","","",""
"Not uploaded","Lately (feat. Devlin)","Ed Sheeran, Devlin","5","","",""
"Not uploaded","Lately (feat. Devlin)","Ed Sheeran, Devlin","No.5 Collaborations Project","","",""
"Not uploaded","Lay It All on Me (feat. Ed Sheeran)","Rudimental, Ed Sheeran","+-=÷× (Tour Collection: Live)","","",""
"Not uploaded","Lay It All on Me (feat. Ed Sheeran)","Rudimental, Ed Sheeran","+-=÷× (Tour Collection)","","",""
"Not uploaded","Lay It All on Me (feat. Ed Sheeran)","Rudimental, Ed Sheeran","x (Wembley Edition)","","",""
"Not uploaded","Lay It All on Me - Live","Ed Sheeran","+-=÷× (Tour Collection: Live)","","",""
"Not uploaded","Leave Your Life","Ed Sheeran","= (Tour Edition)","","",""
"Not uploaded","Leave Your Life","Ed Sheeran","=","","",""
"Uploaded","Legacy","JAŸ-Z","4:44","public/songs/JAŸ-Z/4_44/Legacy.mp3","/songs/JA%C5%B8-Z/4_44/Legacy.mp3","D:\vinyl-demo\public\songs\JAŸ-Z\4_44\Legacy.mp3"
"Not uploaded","Lego House","Ed Sheeran","+-=÷× (Tour Collection: Live)","","",""
"Not uploaded","Lego House","Ed Sheeran","+-=÷× (Tour Collection)","","",""
"Not uploaded","Lego House","Ed Sheeran","+","","",""
"Not uploaded","Lego House - Live","Ed Sheeran","+-=÷× (Tour Collection: Live)","","",""
"Not uploaded","Lekhiyeka Sabdha","The Edge Band","Vibes","","",""
"Not uploaded","Let 'Em Cry","Red Hot Chili Peppers","Unlimited Love","","",""
"Not uploaded","Let It Out","Ed Sheeran","5","","",""
"Not uploaded","Let It Out","Ed Sheeran","Loose Change","","",""
"Not uploaded","Let's Make Evil - 2006 Remaster","Red Hot Chili Peppers","One Hot Minute (Deluxe Edition)","","",""
"Not uploaded","Level","YABI The G.O.A.T","Level","","",""
"Not uploaded","Life Goes On","Ed Sheeran","- (Deluxe)","","",""
"Not uploaded","Life Goes On","Ed Sheeran","Life Goes On (feat. Luke Combs)","","",""
"Not uploaded","Life Goes On (feat. Luke Combs)","Ed Sheeran, Luke Combs","Life Goes On (feat. Luke Combs)","","",""
"Not uploaded","Life Jacket","Chirag Khadka","Jay Shamboo","","",""
"Not uploaded","Life Of The Party (with André 3000)","Kanye West, André 3000","Donda (Deluxe)","","",""
"Not uploaded","Life Of The Party (with André 3000)","Kanye West, André 3000","Life Of The Party","","",""
"Not uploaded","Life goes on (Smooth piano cover version)","The Ed Sheeran piano cover smooth boys band","Life goes on (Smooth piano cover version)","","",""
"Uploaded","Lift Off","JAŸ-Z, Kanye West, Beyoncé","Watch The Throne (Deluxe)","public/songs/JAŸ-Z/Watch The Throne (Deluxe)/Lift Off.mp3","/songs/JA%C5%B8-Z/Watch%20The%20Throne%20(Deluxe)/Lift%20Off.mp3","D:\vinyl-demo\public\songs\JAŸ-Z\Watch The Throne (Deluxe)\Lift Off.mp3"
"Not uploaded","Lift Yourself","Kanye West","Lift Yourself","","",""
"Not uploaded","Lil Jimmy Skit","Kanye West","The College Dropout","","",""
"Not uploaded","Lil Rock Look Flow","LIL Rock Look, Chirag Khadka","Lil Rock Look Flow","","",""
"Not uploaded","Lil Rock Look Flow - slowed + reverb","LIL Rock Look, Chirag Khadka","Lil Rock Look Flow (slowed + reverb)","","",""
"Not uploaded","Lilac Fashion (Remix) - slowed + reverb","LIL Rock Look, Jay Author, Sushant KC","Lilac Fashion (Remix) [slowed + reverb]","","",""
"Not uploaded","Lilac Fashion - Remix","LIL Rock Look, Jay Author, Sushant KC","Lilac Fashion (Remix)","","",""
"Not uploaded","Lithium","Nirvana","Nevermind (Super Deluxe Edition)","","",""
"Not uploaded","Lithium","Nirvana","Nevermind (Remastered)","","",""
"Not uploaded","Lithium","Nirvana","Nevermind (Deluxe Edition)","","",""
"Not uploaded","Lithium","Nirvana","Nirvana","","",""
"Not uploaded","Lithium - 1992/Live at Reading","Nirvana","Live at Reading","","",""
"Not uploaded","Lithium - Devonshire Mix","Nirvana","Nevermind (Super Deluxe Edition)","","",""
"Not uploaded","Lithium - Live & Loud","Nirvana","Live And Loud","","",""
"Not uploaded","Lithium - Live At The Paramount/1991","Nirvana","Live At The Paramount","","",""
"Not uploaded","Lithium - Live In Amsterdam, Netherlands/1991","Nirvana","Nevermind (30th Anniversary Super Deluxe)","","",""
"Not uploaded","Lithium - Live In Amsterdam, Netherlands/1991","Nirvana","From The Muddy Banks Of The Wishkah (Live)","","",""
"Not uploaded","Lithium - Live In Del Mar, California/1991","Nirvana","Nevermind (30th Anniversary Super Deluxe)","","",""
"Not uploaded","Lithium - Live In Los Angeles, Great Western Forum - December 30, 1993","Nirvana","In Utero (30th Anniversary Super Deluxe)","","",""
"Not uploaded","Lithium - Live In Melbourne, Australia For Triple J/1992","Nirvana","Nevermind (30th Anniversary Super Deluxe)","","",""
"Not uploaded","Lithium - Live In Melbourne, Australia For Triple J/1992","Nirvana","Smells Like Teen Spirit / In Bloom / On A Plain / Lithium / Breed","","",""
"Not uploaded","Lithium - Live In Melbourne, Australia For Triple J/1992","Nirvana","In Bloom / On A Plain / Lithium / Breed","","",""
"Not uploaded","Lithium - Live In Melbourne, Australia For Triple J/1992","Nirvana","On A Plain / Lithium / Breed (Live)","","",""
"Not uploaded","Lithium - Live In Melbourne, Australia For Triple J/1992","Nirvana","Lithium / Breed (Live)","","",""
"Not uploaded","Lithium - Live Solo Acoustic","Nirvana","Sliver - The Best Of The Box","","",""
"Not uploaded","Lithium - Live Solo Acoustic","Nirvana","With The Lights Out - Box Set","","",""
"Not uploaded","Lithium - Remastered 2021","Nirvana","Nevermind (30th Anniversary Super Deluxe)","","",""
"Not uploaded","Lithium - Smart Sessions","Nirvana","Nevermind (Super Deluxe Edition)","","",""
"Not uploaded","Lithium - Smart Sessions","Nirvana","Nevermind (Deluxe Edition)","","",""
"Not uploaded","Little Bird","Ed Sheeran","5","","",""
"Not uploaded","Little Bird","Ed Sheeran","Loose Change","","",""
"Not uploaded","Little Bird","Ed Sheeran","my forgotten favourites","","",""
"Not uploaded","Little Bird - Deluxe Edition","Ed Sheeran","+","","",""
"Not uploaded","Little Lady (feat. Mikill Pane)","Ed Sheeran, Mikill Pane","5","","",""
"Not uploaded","Little Lady (feat. Mikill Pane)","Ed Sheeran, Mikill Pane","No.5 Collaborations Project","","",""
"Not uploaded","Little Miss Lover - 2006 Remaster","Red Hot Chili Peppers","Blood Sugar Sex Magik","","",""
"Not uploaded","Live And Let Die","Guns N' Roses","Use Your Illusion I","","",""
"Not uploaded","Live And Let Die","Guns N' Roses","Greatest Hits","","",""
"Not uploaded","Live And Let Die - 2022 Remaster","Guns N' Roses","Use Your Illusion I (Deluxe Edition)","","",""
"Not uploaded","Live And Let Die - 2022 Remaster","Guns N' Roses","Use Your Illusion (Super Deluxe)","","",""
"Not uploaded","Live And Let Die - Live In New York, Ritz Theatre - May 16, 1991","Guns N' Roses","Use Your Illusion I (Deluxe Edition)","","",""
"Not uploaded","Live And Let Die - Live In New York, Ritz Theatre - May 16, 1991","Guns N' Roses","Use Your Illusion (Super Deluxe)","","",""
"Not uploaded","Loco","Jamesy, $b","P2P","","",""
"Not uploaded","Locomotive (Complicity)","Guns N' Roses","Use Your Illusion II","","",""
"Not uploaded","Locomotive (Complicity) - 2022 Remaster","Guns N' Roses","Use Your Illusion II (Deluxe Edition)","","",""
"Not uploaded","Locomotive (Complicity) - 2022 Remaster","Guns N' Roses","Use Your Illusion (Super Deluxe)","","",""
"Not uploaded","Lonely Lovers","D-Block Europe, Ed Sheeran","Lonely Lovers","","",""
"Not uploaded","Look Around","Red Hot Chili Peppers","I'm with You","","",""
"Not uploaded","Look over There","","Look over There","","",""
"Not uploaded","Lord I Need You","Kanye West","Donda (Deluxe)","","",""
"Not uploaded","Lord I Need You","Kanye West","Donda","","",""
"Not uploaded","Lost Cause","Billie Eilish","Happier Than Ever","","",""
"Not uploaded","Lost In The World","Kanye West, Bon Iver","My Beautiful Dark Twisted Fantasy","","",""
"Not uploaded","Lounge Act","Nirvana","Nevermind (Super Deluxe Edition)","","",""
"Not uploaded","Lounge Act","Nirvana","Nevermind (Remastered)","","",""
"Not uploaded","Lounge Act","Nirvana","Nevermind (Deluxe Edition)","","",""
"Not uploaded","Lounge Act - 1992/Live at Reading","Nirvana","Live at Reading","","",""
"Not uploaded","Lounge Act - Boombox Rehearsals","Nirvana","Nevermind (Super Deluxe Edition)","","",""
"Not uploaded","Lounge Act - Boombox Rehearsals","Nirvana","Nevermind (Deluxe Edition)","","",""
"Not uploaded","Lounge Act - Devonshire Mix","Nirvana","Nevermind (Super Deluxe Edition)","","",""
"Not uploaded","Lounge Act - Remastered 2021","Nirvana","Nevermind (30th Anniversary Super Deluxe)","","",""
"Not uploaded","Love Buzz","Nirvana","Bleach (Deluxe Edition)","","",""
"Not uploaded","Love Buzz","Nirvana","Bleach","","",""
"Not uploaded","Love Buzz (Live at Pine Street Theatre)","Nirvana","Bleach (Deluxe Edition)","","",""
"Not uploaded","Love Buzz - Live At The Paramount/1991","Nirvana","Live At The Paramount","","",""
"Not uploaded","Love Buzz - Live In Amsterdam, Netherlands/1991","Nirvana","Nevermind (30th Anniversary Super Deluxe)","","",""
"Not uploaded","Love In Slow Motion","Ed Sheeran","= (Tour Edition)","","",""
"Not uploaded","Love In Slow Motion","Ed Sheeran","=","","",""
"Not uploaded","Love Lockdown","Kanye West","808s & Heartbreak","","",""
"Not uploaded","Love Trilogy","Red Hot Chili Peppers","The Uplift Mofo Party Plan","","",""
"Not uploaded","Love in Slow Motion","Ed Sheeran","kiss me under the light of a thousand stars","","",""
"Not uploaded","Love of Your Life","Red Hot Chili Peppers","Never Is a Long Time / Love of Your Life","","",""
"Not uploaded","Lovin' And Touchin' - Remastered","Red Hot Chili Peppers","Freaky Styley","","",""
"Not uploaded","Low Lights","Kanye West","The Life Of Pablo","","",""
"Not uploaded","Lukaamaari","Sajjan Raj Vaidya","Lukaamaari","","",""
"Not uploaded","Lyon 6.6.06 - Live","Red Hot Chili Peppers","Tell Me Baby","","",""
"Not uploaded","L’AMOUR DE MA VIE","Billie Eilish","HIT ME HARD AND SOFT","","",""
"Not uploaded","MAINTENANCE","DONDA, Kanye West, Ye","DONDA 2","","",""
"Not uploaded","MENTAL","Jamesy, $b","MENTAL","","",""
"Not uploaded","MOTH BALLS","PARTYNEXTDOOR, Drake","$ome $exy $ongs 4 U","","",""
"Not uploaded","MY SOUL","¥$, Kanye West, Ty Dolla $ign","VULTURES 2","","",""
"Not uploaded","Ma Mare Pani","Swar, Swapnil Sharma, Rohit Shakya","Ma Mare Pani","","",""
"Not uploaded","Ma Sansaar Jitne","Sabin Rai","Ma Sansaar Jitne","","",""
"Not uploaded","Maa","Albatross","Atti Bhayo","","",""
"Not uploaded","Maaf Gara - Live In Bhaktapur","AXIX","Maaf Gara (Live In Bhaktapur)","","",""
"Not uploaded","Madagascar","Guns N' Roses","Chinese Democracy","","",""
"Uploaded","Made In America","JAŸ-Z, Kanye West, Frank Ocean","Watch The Throne (Deluxe)","public/songs/JAŸ-Z/Watch The Throne (Deluxe)/Made In America.mp3","/songs/JA%C5%B8-Z/Watch%20The%20Throne%20(Deluxe)/Made%20In%20America.mp3","D:\vinyl-demo\public\songs\JAŸ-Z\Watch The Throne (Deluxe)\Made In America.mp3"
"Not uploaded","Magic Johnson - Remastered 2003","Red Hot Chili Peppers","Mother's Milk","","",""
"Not uploaded","Magical","Ed Sheeran","Autumn Variations (Fan Living Room Sessions)","","",""
"Not uploaded","Magical","Ed Sheeran","Autumn Variations","","",""
"Not uploaded","Magical - Live from Brantlie’s Living Room","Ed Sheeran","Autumn Variations (Fan Living Room Sessions)","","",""
"Not uploaded","Magpies on Fire","Red Hot Chili Peppers","Magpies on Fire / Victorian Machinery","","",""
"Not uploaded","Maja Ko Vul","Oasis Thapa","Maja Ko Vul","","",""
"Not uploaded","Make It Rain","Ed Sheeran","x (10th Anniversary Edition)","","",""
"Not uploaded","Make It Rain","Ed Sheeran","x (Wembley Edition)","","",""
"Not uploaded","Make Me Piano","Dj khalipha","Limitless","","",""
"Not uploaded","Make You Feel Better","Red Hot Chili Peppers","Stadium Arcadium","","",""
"Not uploaded","Makhamali - From "" Oonko Sweater[The Woolen Sweater]""","Sujan Chapagain, ArtMandu, Sunita Thegim","Makhamali (From "" Oonko Sweater[The Woolen Sweater]"")","","",""
"Not uploaded","Malaai Chaana Na","Sajjan Raj Vaidya","Ekadeshma","","",""
"Not uploaded","Malaai Chaana Na","Sajjan Raj Vaidya","Malaai Chaana Na","","",""
"Not uploaded","Malai Angali Deu","Sabin Rai","Rangamanch Ko Rang","","",""
"Not uploaded","Malai Jitnu Xa (PUBG MOBILE Nepal)","John Rai, PUBG MOBILE OFFICIAL","Malai Jitnu Xa (PUBG MOBILE Nepal)","","",""
"Not uploaded","Malai Rakha Na - Acoustic","Sajjan Raj Vaidya","Malai Rakha Na (Acoustic)","","",""
"Not uploaded","Mama Kin - 1986 Sound City Session","Guns N' Roses","Appetite For Destruction (Super Deluxe Edition)","","",""
"Not uploaded","Mama Kin - Live / Edit","Guns N' Roses","Appetite For Destruction (Super Deluxe Edition)","","",""
"Not uploaded","Mama Kin - Live In Paris, Hippodrome De Vincennes - June 6, 1992","Guns N' Roses, Steven Tyler, Joe Perry","Use Your Illusion II (Deluxe Edition)","","",""
"Not uploaded","Mama Kin - Live Version","Guns N' Roses","G N' R Lies","","",""
"Not uploaded","Manaka Kura","Samir Shrestha, bekcha","Manaka Kura","","",""
"Not uploaded","Manaka kura","Purna Rai","Manaka kura","","",""
"Not uploaded","Manav Nai Danav","Albatross","Ma Ra Malai","","",""
"Not uploaded","Manawta","Tribal Rain","Roka Yo Samay","","",""
"Not uploaded","Mann cha?","Purna Rai","Mann cha?","","",""
"Not uploaded","Mara Drill","Dj khalipha","Mara Drill","","",""
"Not uploaded","Mara Evolution Beat","Dj khalipha","Mara Evolution Beat","","",""
"Not uploaded","Mara Non Stop Beat","Dj khalipha","Mara Non Stop Beat","","",""
"Not uploaded","Mara Street House Mixtape","Dj khalipha","Mara Street House Mixtape","","",""
"Not uploaded","Mara Till Eternity","Dj khalipha","Mara Till Eternity","","",""
"Not uploaded","Mara dance beat 2.0 - Remix","Dj khalipha","Mara dance beat 2.0 (Remix)","","",""
"Not uploaded","Marapiano Street Beat","Dj khalipha","Marapiano Street Beat","","",""
"Uploaded","Marcy Me","JAŸ-Z","4:44","public/songs/JAŸ-Z/4_44/Marcy Me.mp3","/songs/JA%C5%B8-Z/4_44/Marcy%20Me.mp3","D:\vinyl-demo\public\songs\JAŸ-Z\4_44\Marcy Me.mp3"
"Not uploaded","Mari Jaulo","YABI The G.O.A.T","Mari Jaulo","","",""
"Not uploaded","Marigold","Nirvana","In Utero (Super Deluxe Edition)","","",""
"Not uploaded","Marigold","Nirvana","In Utero (Deluxe Edition)","","",""
"Not uploaded","Marigold - 2023 Remaster","Nirvana","In Utero (30th Anniversary Super Deluxe)","","",""
"Not uploaded","Marigold - Demo","Nirvana","In Utero (Super Deluxe Edition)","","",""
"Not uploaded","Marigold - Demo","Nirvana","In Utero (Deluxe Edition)","","",""
"Not uploaded","Mathi Mathi Pantharai ma - From "" Oonko Sweater[The Woolen Sweater]""","Sujan Chapagain, ArtMandu","Mathi Mathi Pantharai ma (From "" Oonko Sweater[The Woolen Sweater]"")","","",""
"Not uploaded","Maun","Laure, Sabin Rai","Maun","","",""
"Not uploaded","Mausam","Sushant KC, Yodda, LIL Rock Look","Mausam","","",""
"Not uploaded","Maya","Ciney Gurung, Sabin Rai","Hidchhu","","",""
"Not uploaded","Maya","Chirag Khadka","Jay Shamboo","","",""
"Not uploaded","Maya Garnu La - Composer Version","John Rai","Maya Garnu La (Composer Version)","","",""
"Not uploaded","Maya Garnu La - Piano Version","John Rai","Maya Garnu La (Piano Version)","","",""
"Not uploaded","Maya Garnu la - Flute","John Rai, kiran Baral","Maya Garnu la (Flute)","","",""
"Not uploaded","Maya Jalaima","Sabin Rai","Sataha","","",""
"Not uploaded","Maya Ko Katha","Yabesh Thapa, Arbitrary Records","Maya Ko Katha","","",""
"Not uploaded","Maya Ma","Swar","Maya Ma","","",""
"Not uploaded","Maya Ma","Sushant KC","Maya Ma (2018 Compilation)","","",""
"Not uploaded","Maya Ma","Purna Rai","Maya Ma","","",""
"Not uploaded","Mayaloo","Sajjan Raj Vaidya","Sajjan Raj Vaidya 2016 Releases","","",""
"Not uploaded","Mayalu","Vek, Yabesh Thapa","Mayalu","","",""
"Not uploaded","Mayalu Sunana","Samir Shrestha","Mayalu Sunana","","",""
"Not uploaded","Mayele - Refix","La Reine Yose, Dj khalipha, Elixa, Uchee, Chelda Checks, Marina wealthy","Mayele (Refix)","","",""
"Not uploaded","Mayele Dance","La Reine Yose, Dj khalipha","Mayele Dance","","",""
"Not uploaded","Mc Duffs - Coração Bandido","Dj Thales Jql, DJ Rk","Mc Duffs - Coração Bandido","","",""
"Not uploaded","Me And My Friends","Red Hot Chili Peppers","The Uplift Mofo Party Plan","","",""
"Not uploaded","Me And My Friends","Red Hot Chili Peppers","What Hits!?","","",""
"Not uploaded","Me Superé","Were, Dj Khala","Me Superé","","",""
"Not uploaded","Meet Me at the Corner","Red Hot Chili Peppers","I'm with You","","",""
"Not uploaded","Mega Depressiva 002","Dj Thales Jql","A Revolta do Jql","","",""
"Not uploaded","Mega da Desgraçanagem Pt.1","Dj Thales Jql","Barulho Jql","","",""
"Not uploaded","Mega do Beat Apaixonante","Dj Thales Jql","Barulho Jql","","",""
"Not uploaded","Mega do Galaxia","Dj Thales Jql","Barulho Jql","","",""
"Not uploaded","Mega do Peixao","Dj Thales Jql","Barulho Jql","","",""
"Not uploaded","Mega pra fuder no carro","DJ DIDI, Dj Thales Jql, DJ Karuso","Mega pra fuder no carro","","",""
"Not uploaded","Mega pros Fiat Palio","Dj Thales Jql","Barulho Jql","","",""
"Not uploaded","Mellow","Sajjan Raj Vaidya","Katha: Episode I & II","","",""
"Not uploaded","Mellow","Rohit Shakya, Sajjan Raj Vaidya","Mellow","","",""
"Not uploaded","Mellowship Slinky in B Major","Red Hot Chili Peppers","Blood Sugar Sex Magik","","",""
"Not uploaded","Mellowship Slinky in B Major","Red Hot Chili Peppers","The Studio Album Collection 1991 - 2011","","",""
"Not uploaded","Melodic Mara - EDM REMIX","Dj khalipha","Melodic Mara (EDM REMIX)","","",""
"Not uploaded","Menina","Dj Thales Jql, Mc Kesley","Menina","","",""
"Not uploaded","Mercy Mercy","Red Hot Chili Peppers","Tell Me Baby","","",""
"Not uploaded","Mero Aanshu","The Edge Band","Mero Prayas","","",""
"Not uploaded","Mero Ansu","The Edge Band","Mero Ansu","","",""
"Not uploaded","Mero Mana Ma","Samir Shrestha","Mero Mana Ma","","",""
"Not uploaded","Mero Prem","AXIX","Ghar Gaun","","",""
"Not uploaded","Mero Prem - Live In Bhaktapur","AXIX","Mero Prem (Live In Bhaktapur)","","",""
"Not uploaded","Mero Priye,","Yabesh Thapa","Mero Priye,","","",""
"Not uploaded","Mero Sundar Dharan (Budhasubba Goldcup )","Shiva Lamichane Cwaz","Budhasubba GoldCup","","",""
"Not uploaded","Mexican Seafood","Nirvana","Incesticide","","",""
"Not uploaded","Mi Palo Al Palo","Were, Dj Khala","Mi Palo Al Palo","","",""
"Not uploaded","Mi Victoria","Were, Dj Khala","Mi Victoria","","",""
"Not uploaded","Midnight","Ed Sheeran","Autumn Variations (Fan Living Room Sessions)","","",""
"Not uploaded","Midnight","Ed Sheeran","Autumn Variations","","",""
"Not uploaded","Midnight","Red Hot Chili Peppers","By the Way (Deluxe Edition)","","",""
"Not uploaded","Midnight","Red Hot Chili Peppers","By the Way","","",""
"Not uploaded","Midnight - Live from John’s Living Room","Ed Sheeran","Autumn Variations (Fan Living Room Sessions)","","",""
"Not uploaded","Milk It","Nirvana","In Utero (Super Deluxe Edition)","","",""
"Not uploaded","Milk It","Nirvana","In Utero (Deluxe Edition)","","",""
"Not uploaded","Milk It","Nirvana","In Utero","","",""
"Not uploaded","Milk It - 2013 Mix","Nirvana","In Utero (Super Deluxe Edition)","","",""
"Not uploaded","Milk It - 2013 Mix","Nirvana","In Utero (Deluxe Edition)","","",""
"Not uploaded","Milk It - 2023 Remaster","Nirvana","In Utero (30th Anniversary Super Deluxe)","","",""
"Not uploaded","Milk It - Demo","Nirvana","With The Lights Out - Box Set","","",""
"Not uploaded","Milk It - Live In Seattle, WA., January 5, 1994","Nirvana","From The Muddy Banks Of The Wishkah (Live)","","",""
"Not uploaded","Million Miles of Water","Red Hot Chili Peppers","Dani California","","",""
"Not uploaded","Millionaires Against Hunger","Red Hot Chili Peppers","Freaky Styley","","",""
"Not uploaded","Milo Mara Dance Beat","Dj khalipha, Lomilo","Milo Mara Dance Beat","","",""
"Not uploaded","Minor Thing","Red Hot Chili Peppers","By the Way (Deluxe Edition)","","",""
"Not uploaded","Minor Thing","Red Hot Chili Peppers","By the Way","","",""
"Not uploaded","Moist Vagina - 2013 Mix","Nirvana","In Utero (Super Deluxe Edition)","","",""
"Not uploaded","Moist Vagina - 2013 Mix","Nirvana","In Utero (Deluxe Edition)","","",""
"Not uploaded","Moist Vagina - 2023 Remaster","Nirvana","In Utero (30th Anniversary Super Deluxe)","","",""
"Not uploaded","Moist Vagina - Demo","Nirvana","With The Lights Out - Box Set","","",""
"Not uploaded","Molly's Lips (Live at Pine Street Theatre)","Nirvana","Bleach (Deluxe Edition)","","",""
"Not uploaded","Molly's Lips - BBC John Peel Session 1990","Nirvana","Incesticide","","",""
"Not uploaded","Mommy Where's Daddy - 2002 Digital Remaster","Red Hot Chili Peppers","Red Hot Chili Peppers","","",""
"Not uploaded","Monarchy of Roses","Red Hot Chili Peppers","I'm with You","","",""
"Not uploaded","Monster","Kanye West, JAŸ-Z, Rick Ross, Nicki Minaj, Bon Iver","My Beautiful Dark Twisted Fantasy","","",""
"Not uploaded","Montagem Maligna","Dj Thales Jql","Montagem Maligna","","",""
"Not uploaded","Moon","Kanye West","Donda (Deluxe)","","",""
"Not uploaded","Moon","Kanye West","Donda","","",""
"Uploaded","Moonlight","JAŸ-Z","4:44","public/songs/JAŸ-Z/4_44/Moonlight.mp3","/songs/JA%C5%B8-Z/4_44/Moonlight.mp3","D:\vinyl-demo\public\songs\JAŸ-Z\4_44\Moonlight.mp3"
"Not uploaded","Mooskaan","Sajjan Raj Vaidya","Mooskaan","","",""
"Not uploaded","Mooskaan| - Live in Terminal 5 | NYC","Sajjan Raj Vaidya","Mooskaan| (Live in Terminal 5 | NYC)","","",""
"Not uploaded","Move To The City - 1986 Sound City Session","Guns N' Roses","Appetite For Destruction (Super Deluxe Edition)","","",""
"Not uploaded","Move To The City - Acoustic Version / 1986 Sound City Session","Guns N' Roses","Appetite For Destruction (Super Deluxe Edition)","","",""
"Not uploaded","Move To The City - Live","Guns N' Roses","Live Era '87-'93 (Live - Deluxe Edition)","","",""
"Not uploaded","Move To The City - Live","Guns N' Roses","G N' R Lies","","",""
"Not uploaded","Move To The City - Live","Guns N' Roses","Appetite For Destruction (Super Deluxe Edition)","","",""
"Not uploaded","Move To The City - Live In Japan / 1992","Guns N' Roses","Live Era '87-'93","","",""
"Not uploaded","Move Your Body","Albatross","Move Your Body","","",""
"Not uploaded","Move Your Body","Albatross","Move Your Body","","",""
"Not uploaded","Moving - Bonus Track","Ed Sheeran","- (Deluxe)","","",""
"Not uploaded","Mr. Brownstone","Guns N' Roses","Appetite For Destruction (Super Deluxe Edition)","","",""
"Not uploaded","Mr. Brownstone","Guns N' Roses","Appetite For Destruction","","",""
"Not uploaded","Mr. Brownstone - Live","Guns N' Roses","Live Era '87-'93 (Live - Deluxe Edition)","","",""
"Not uploaded","Mr. Brownstone - Live In London / 1991","Guns N' Roses","Live Era '87-'93","","",""
"Not uploaded","Mr. Brownstone - Live in New York, Ritz Theatre - May 16, 1991","Guns N' Roses","Use Your Illusion (Super Deluxe)","","",""
"Not uploaded","Mr. Moustache","Nirvana","Bleach (Deluxe Edition)","","",""
"Not uploaded","Mr. Moustache","Nirvana","Bleach","","",""
"Not uploaded","Mrs. Butterworth - 1988 Rehearsal","Nirvana","Sliver - The Best Of The Box","","",""
"Not uploaded","Mrs. Butterworth - 1988 Rehearsal","Nirvana","With The Lights Out - Box Set","","",""
"Not uploaded","Mtg Toneladas de Amor","Dj Thales Jql","Mtg Toneladas de Amor","","",""
"Not uploaded","Muito Feio Filho","Dj Thales Jql","Barulho Jql","","",""
"Uploaded","Murder To Excellence","JAŸ-Z, Kanye West","Watch The Throne (Deluxe)","public/songs/JAŸ-Z/Watch The Throne (Deluxe)/Murder To Excellence.mp3","/songs/JA%C5%B8-Z/Watch%20The%20Throne%20(Deluxe)/Murder%20To%20Excellence.mp3","D:\vinyl-demo\public\songs\JAŸ-Z\Watch The Throne (Deluxe)\Murder To Excellence.mp3"
"Not uploaded","Muskan","AXIX","Ghar Gaun","","",""
"Not uploaded","Muskan - Live In Bhaktapur","AXIX","Muskan (Live In Bhaktapur)","","",""
"Not uploaded","Muskuraye","Yabesh Thapa","Muskuraye","","",""
"Not uploaded","Muskurayera","Sushant KC","Maya Ma (2018 Compilation)","","",""
"Not uploaded","Mutu Dekhin - Raw","John Rai","Mutu Dekhin (Raw)","","",""
"Not uploaded","My Boy Only Breaks His Favorite Toys","Taylor Swift","THE TORTURED POETS DEPARTMENT: THE ANTHOLOGY","","",""
"Not uploaded","My Cigarette","Red Hot Chili Peppers","Return of the Dream Canteen","","",""
"Not uploaded","My Friends","Red Hot Chili Peppers","One Hot Minute (Deluxe Edition)","","",""
"Not uploaded","My Friends","Red Hot Chili Peppers","One Hot Minute","","",""
"Not uploaded","My Friends","Red Hot Chili Peppers","The Studio Album Collection 1991 - 2011","","",""
"Not uploaded","My Friends","Red Hot Chili Peppers","Greatest Hits","","",""
"Not uploaded","My Lovely Man","Red Hot Chili Peppers","Blood Sugar Sex Magik","","",""
"Not uploaded","My Lovely Man","Red Hot Chili Peppers","The Studio Album Collection 1991 - 2011","","",""
"Not uploaded","My Michelle","Guns N' Roses","Appetite For Destruction (Super Deluxe Edition)","","",""
"Not uploaded","My Michelle","Guns N' Roses","Appetite For Destruction","","",""
"Not uploaded","My Michelle - 1986 Sound City Session","Guns N' Roses","Appetite For Destruction (Super Deluxe Edition)","","",""
"Not uploaded","My Michelle - Live","Guns N' Roses","Live Era '87-'93 (Live - Deluxe Edition)","","",""
"Not uploaded","My Michelle - Live In London / 1991","Guns N' Roses","Live Era '87-'93","","",""
"Not uploaded","My Michelle - Live In New York, Ritz Theatre - May 16, 1991","Guns N' Roses","Use Your Illusion (Super Deluxe)","","",""
"Not uploaded","My Way Home","Kanye West, Common","Late Registration","","",""
"Not uploaded","My World","Guns N' Roses","Use Your Illusion II","","",""
"Not uploaded","My World - 2022 Remaster","Guns N' Roses","Use Your Illusion II (Deluxe Edition)","","",""
"Not uploaded","My World - 2022 Remaster","Guns N' Roses","Use Your Illusion (Super Deluxe)","","",""
"Not uploaded","NACHANA","Jamesy, VZN, Hennie Baker, Yogeshbeats","SELFMADE","","",""
"Not uploaded","NASALU","Jamesy, Hennie Baker","SELFMADE","","",""
"Not uploaded","NEPDRILL, Pt. 1","Jamesy","NEPDRILL, Pt. 1","","",""
"Not uploaded","NO SECRET (feat. Drake)","DJ Khaled, Drake","GOD DID","","",""
"Not uploaded","Nachahe Ko Hoina","The Edge Band","Mero Prayas","","",""
"Not uploaded","Nachaheko Hoina Old","The Edge Band","Nachaheko Hoina Old","","",""
"Not uploaded","Nachana","DJ Bishow, Nawaj Ansari, young lama","PROJECT COLLABORATION (DELUXE)","","",""
"Not uploaded","Nachana","DJ Bishow, young lama, Nawaj Ansari","PROJECT COLLABORATION","","",""
"Not uploaded","Nachodnu Yo Saath","The Edge Band","Mero Prayas","","",""
"Not uploaded","Naganya Maya","Sajjan Raj Vaidya","Naganya Maya","","",""
"Not uploaded","Najeek","Bartika Eam Rai","Bimbaakash","","",""
"Not uploaded","Najeek REMIX","LIL Rock Look, Oasis Thapa","Najeek REMIX","","",""
"Not uploaded","Najeek REMIX - Instrumental","LIL Rock Look, Oasis Thapa","Najeek REMIX","","",""
"Not uploaded","Najeek REMIX - Slowed + Reverb","LIL Rock Look, Oasis Thapa","Najeek REMIX","","",""
"Not uploaded","Najeek REMIX - Sped Up","LIL Rock Look, Oasis Thapa","Najeek REMIX","","",""
"Not uploaded","Naked in the Rain","Red Hot Chili Peppers","Blood Sugar Sex Magik","","",""
"Not uploaded","Naked in the Rain","Red Hot Chili Peppers","The Studio Album Collection 1991 - 2011","","",""
"Not uploaded","Nancy Mulligan","Ed Sheeran","Divide ÷ (Deluxe)","","",""
"Not uploaded","Narisawna","Tribal Rain","Roka Yo Samay","","",""
"Not uploaded","Nashalu","DJ Bishow, Oshin Karki","PROJECT COLLABORATION (DELUXE)","","",""
"Not uploaded","Nashalu","DJ Bishow, Oshin Karki","PROJECT COLLABORATION","","",""
"Not uploaded","Negative Creep","Nirvana","Bleach (Deluxe Edition)","","",""
"Not uploaded","Negative Creep","Nirvana","Bleach","","",""
"Not uploaded","Negative Creep - 1992/Live at Reading","Nirvana","Live at Reading","","",""
"Not uploaded","Negative Creep - Live At The Paramount/1991","Nirvana","Live At The Paramount","","",""
"Not uploaded","Negative Creep - Live In Amsterdam, Netherlands/1991","Nirvana","Nevermind (30th Anniversary Super Deluxe)","","",""
"Not uploaded","Negative Creep - Live In Seattle, WA., October 31, 1991","Nirvana","From The Muddy Banks Of The Wishkah (Live)","","",""
"Not uploaded","Nepali","Albatross","Raat Ko Rani","","",""
"Not uploaded","Nepali","Albatross","Nepali","","",""
"Not uploaded","Nepali - Acoustic","Albatross","Barahsinghe Acoustic Sessions","","",""
"Not uploaded","Nepali Angreji","Sajjan Raj Vaidya","Nepali Angreji","","",""
"Not uploaded","Nerve Flip","Red Hot Chili Peppers","Nerve Flip","","",""
"Not uploaded","Never Abandon Your Family","Kanye West","Donda (Deluxe)","","",""
"Not uploaded","Never Is a Long Time","Red Hot Chili Peppers","Never Is a Long Time / Love of Your Life","","",""
"Not uploaded","Never Let Me Down","Kanye West, JAŸ-Z, J. Ivy","The College Dropout","","",""
"Not uploaded","Never Lonely Riddim","Dj khalipha","Rave Sound","","",""
"Not uploaded","Nevermind","Red Hot Chili Peppers","Freaky Styley","","",""
"Not uploaded","Nevermind - Remastered","Red Hot Chili Peppers","Freaky Styley","","",""
"Not uploaded","New Again","Kanye West","Donda (Deluxe)","","",""
"Not uploaded","New Again","Kanye West","Donda","","",""
"Uploaded","New Day","JAŸ-Z, Kanye West","Watch The Throne (Deluxe)","public/songs/JAŸ-Z/Watch The Throne (Deluxe)/New Day.mp3","/songs/JA%C5%B8-Z/Watch%20The%20Throne%20(Deluxe)/New%20Day.mp3","D:\vinyl-demo\public\songs\JAŸ-Z\Watch The Throne (Deluxe)\New Day.mp3"
"Not uploaded","New Man","Ed Sheeran","Divide ÷ (Deluxe)","","",""
"Not uploaded","New Rose","Guns N' Roses","The Spaghetti Incident?","","",""
"Not uploaded","New Slaves","Kanye West","Yeezus","","",""
"Not uploaded","New Work Tune - 1986 Sound City Session","Guns N' Roses","Appetite For Destruction (Super Deluxe Edition)","","",""
"Not uploaded","New York","Ed Sheeran","x (10th Anniversary Edition)","","",""
"Not uploaded","New York","Ed Sheeran","x (Wembley Edition)","","",""
"Not uploaded","New York","DJ Khaled","We The Best","","",""
"Uploaded","Ni**as In Paris","JAŸ-Z, Kanye West","Watch The Throne (Deluxe)","public/songs/JAŸ-Z/Watch The Throne (Deluxe)/Ni__as In Paris.mp3","/songs/JA%C5%B8-Z/Watch%20The%20Throne%20(Deluxe)/Ni__as%20In%20Paris.mp3","D:\vinyl-demo\public\songs\JAŸ-Z\Watch The Throne (Deluxe)\Ni__as In Paris.mp3"
"Not uploaded","Nice Boys - 1986 Sound City Session","Guns N' Roses","Appetite For Destruction (Super Deluxe Edition)","","",""
"Not uploaded","Nice Boys - Live","Guns N' Roses","G N' R Lies","","",""
"Not uploaded","Nice Boys - Live","Guns N' Roses","Appetite For Destruction (Super Deluxe Edition)","","",""
"Not uploaded","Nidari (Ko Nimti)","Bartika Eam Rai","Taral","","",""
"Not uploaded","Nightmares (feat. Random Impulse, Sway & Wretch 32)","Ed Sheeran, Random Impulse, Sway, Wretch 32","5","","",""
"Not uploaded","Nightmares (feat. Random Impulse, Sway & Wretch 32)","Ed Sheeran, Random Impulse, Sway, Wretch 32","No.5 Collaborations Project","","",""
"Not uploaded","Nightrain","Guns N' Roses","Appetite For Destruction (Super Deluxe Edition)","","",""
"Not uploaded","Nightrain","Guns N' Roses","Appetite For Destruction","","",""
"Not uploaded","Nightrain - 1986 Sound City Session","Guns N' Roses","Appetite For Destruction (Super Deluxe Edition)","","",""
"Not uploaded","Nightrain - Live","Guns N' Roses","Live Era '87-'93 (Live - Deluxe Edition)","","",""
"Not uploaded","Nightrain - Live In Las Vegas / 1992","Guns N' Roses","Live Era '87-'93","","",""
"Not uploaded","Nihita","John Rai","Nihita","","",""
"Not uploaded","Nina","Ed Sheeran","x (10th Anniversary Edition)","","",""
"Not uploaded","Nina","Ed Sheeran","x (Wembley Edition)","","",""
"Not uploaded","Nina","Ed Sheeran","x (Deluxe Edition)","","",""
"Not uploaded","Nischal","Albatross","Atti Bhayo","","",""
"Not uploaded","Nischal - Acoustic","Albatross","Barahsinghe Acoustic Sessions","","",""
"Not uploaded","No Apologies","Consequence, Kanye West","No Apologies","","",""
"Not uploaded","No Brainer (feat. Justin Bieber, Chance the Rapper & Quavo)","DJ Khaled, Justin Bieber, Chance the Rapper, Quavo","Father Of Asahd","","",""
"Not uploaded","No Child Left Behind","Kanye West","Donda (Deluxe)","","",""
"Not uploaded","No Child Left Behind","Kanye West","Donda","","",""
"Not uploaded","No Chump Love Sucker","Red Hot Chili Peppers","The Uplift Mofo Party Plan","","",""
"Uploaded","No Church In The Wild","JAŸ-Z, Kanye West, Frank Ocean, The-Dream","Watch The Throne (Deluxe)","public/songs/JAŸ-Z/Watch The Throne (Deluxe)/No Church In The Wild.mp3","/songs/JA%C5%B8-Z/Watch%20The%20Throne%20(Deluxe)/No%20Church%20In%20The%20Wild.mp3","D:\vinyl-demo\public\songs\JAŸ-Z\Watch The Throne (Deluxe)\No Church In The Wild.mp3"
"Not uploaded","No Face","Ghostface Killah, Kanye West","No Face","","",""
"Not uploaded","No Mistakes","Kanye West","ye","","",""
"Not uploaded","No More Parties In LA","Kanye West","The Life Of Pablo","","",""
"Not uploaded","No Rest","Jamesy","P2P","","",""
"Not uploaded","No Rest","Jamesy","No Rest","","",""
"Not uploaded","No Strings","Ed Sheeran","- (Deluxe)","","",""
"Not uploaded","Nobody Weird Like Me - Remastered 2003","Red Hot Chili Peppers","Mother's Milk","","",""
"Not uploaded","Not My Responsibility","Billie Eilish","Happier Than Ever","","",""
"Not uploaded","Not the One","Red Hot Chili Peppers","Unlimited Love","","",""
"Not uploaded","Not the One","Red Hot Chili Peppers","Not the One","","",""
"Not uploaded","Nothin'","Guns N' Roses","Nothin'","","",""
"Not uploaded","Nothing In My Head Besides Timi","Sajjan Raj Vaidya","Pahaar (Live Version)","","",""
"Not uploaded","Nothing In My Head Besides Timi","Sajjan Raj Vaidya","Ujeli","","",""
"Not uploaded","Nothing In My Head Besides Timi","Sajjan Raj Vaidya","Nothing In My Head Besides Timi","","",""
"Not uploaded","Nothing In My Head Besides Timi","Sajjan Raj Vaidya","Katha: Episode I & II","","",""
"Not uploaded","November Rain","Guns N' Roses","Use Your Illusion I","","",""
"Not uploaded","November Rain","Guns N' Roses","Greatest Hits","","",""
"Not uploaded","November Rain - 2022 Version","Guns N' Roses","Use Your Illusion I (Deluxe Edition)","","",""
"Not uploaded","November Rain - 2022 Version","Guns N' Roses","Use Your Illusion (Super Deluxe)","","",""
"Not uploaded","November Rain - Acoustic Version / 1986 Sound City Session","Guns N' Roses","Appetite For Destruction (Super Deluxe Edition)","","",""
"Not uploaded","November Rain - Live","Guns N' Roses","Live Era '87-'93 (Live - Deluxe Edition)","","",""
"Not uploaded","November Rain - Live In Japan / 1992","Guns N' Roses","Live Era '87-'93","","",""
"Not uploaded","November Rain - Piano Version / 1986 Sound City Session","Guns N' Roses","Appetite For Destruction (Super Deluxe Edition)","","",""
"Not uploaded","Novinha Desce de Quatro","Dj Thales Jql","A Revolta do Jql","","",""
"Not uploaded","OGBA BEAT 4.0","Dj khalipha","OGBA BEAT 4.0","","",""
"Not uploaded","OUTSIDE","Jamesy","RISKTAPE","","",""
"Not uploaded","OUTSIDE","Jamesy","OUTSIDE","","",""
"Uploaded","Off The Grid","Kanye West","Donda (Deluxe)","public/songs/Kanye West/Donda (Deluxe)/Off The Grid.mp3","/songs/Kanye%20West/Donda%20(Deluxe)/Off%20The%20Grid.mp3","D:\vinyl-demo\public\songs\Kanye West\Donda (Deluxe)\Off The Grid.mp3"
"Not uploaded","Off The Grid","Kanye West","Donda","","",""
"Not uploaded","Often - Live","The Weeknd","Live At SoFi Stadium","","",""
"Not uploaded","Ogba beat 3.0","Dj khalipha, Mr Semaith","Ogba beat 3.0","","",""
"Not uploaded","Oh Me - Live","Nirvana","MTV Unplugged In New York (25th Anniversary)","","",""
"Not uploaded","Oh Me - Live","Nirvana","MTV Unplugged In New York","","",""
"Not uploaded","Oh Na Na - Nepali Version","Karl Wine, Sushant KC, Yabesh Thapa","Oh Na Na (Nepali Version)","","",""
"Not uploaded","Oh Shuna Maya","The Edge Band","Mero Prayas","","",""
"Not uploaded","Oh The Guilt","Nirvana","Sliver - The Best Of The Box","","",""
"Not uploaded","Oh The Guilt","Nirvana","With The Lights Out - Box Set","","",""
"Not uploaded","Ok Ok","Kanye West","Donda (Deluxe)","","",""
"Not uploaded","Ok Ok","Kanye West","Donda","","",""
"Not uploaded","Ok Ok pt 2","Kanye West","Donda (Deluxe)","","",""
"Not uploaded","Ok Ok pt 2","Kanye West","Donda","","",""
"Not uploaded","Old Age - Boombox Rehearsals","Nirvana","Nevermind (Super Deluxe Edition)","","",""
"Not uploaded","Old Age - Boombox Rehearsals","Nirvana","Nevermind (Deluxe Edition)","","",""
"Not uploaded","Old Age - Nevermind Outtake","Nirvana","Sliver - The Best Of The Box","","",""
"Not uploaded","Old Age - Nevermind Outtake","Nirvana","With The Lights Out - Box Set","","",""
"Not uploaded","Old Phone","Ed Sheeran","Play (Extended Edition)","","",""
"Not uploaded","Old Phone","Ed Sheeran","Play","","",""
"Not uploaded","Old Phone","Ed Sheeran","Old Phone","","",""
"Not uploaded","Old Phone","Ed Sheeran","Play (Deluxe)","","",""
"Not uploaded","On A Plain","Nirvana","Nevermind (Super Deluxe Edition)","","",""
"Not uploaded","On A Plain","Nirvana","Nevermind (Remastered)","","",""
"Not uploaded","On A Plain","Nirvana","Nevermind (Deluxe Edition)","","",""
"Not uploaded","On A Plain - 1992/Live at Reading","Nirvana","Live at Reading","","",""
"Not uploaded","On A Plain - Boombox Rehearsals","Nirvana","Nevermind (Super Deluxe Edition)","","",""
"Not uploaded","On A Plain - Boombox Rehearsals","Nirvana","Nevermind (Deluxe Edition)","","",""
"Not uploaded","On A Plain - Devonshire Mix","Nirvana","Nevermind (Super Deluxe Edition)","","",""
"Not uploaded","On A Plain - Live","Nirvana","MTV Unplugged In New York (25th Anniversary)","","",""
"Not uploaded","On A Plain - Live","Nirvana","MTV Unplugged In New York","","",""
"Not uploaded","On A Plain - Live At The Paramount/1991","Nirvana","Live At The Paramount","","",""
"Not uploaded","On A Plain - Live In Amsterdam, Netherlands/1991","Nirvana","Nevermind (30th Anniversary Super Deluxe)","","",""
"Not uploaded","On A Plain - Live In Los Angeles, Great Western Forum - December 30, 1993","Nirvana","In Utero (30th Anniversary Super Deluxe)","","",""
"Not uploaded","On A Plain - Live In Tokyo, Japan/1992","Nirvana","Smells Like Teen Spirit / In Bloom / On A Plain / Lithium / Breed","","",""
"Not uploaded","On A Plain - Live In Tokyo, Japan/1992","Nirvana","In Bloom / On A Plain / Lithium / Breed","","",""
"Not uploaded","On A Plain - Live In Tokyo, Japan/1992","Nirvana","On A Plain / Lithium / Breed (Live)","","",""
"Not uploaded","On A Plain - Remastered 2021","Nirvana","Nevermind (30th Anniversary Super Deluxe)","","",""
"Not uploaded","On God","Kanye West","JESUS IS KING","","",""
"Not uploaded","On Mercury","Red Hot Chili Peppers","By the Way (Deluxe Edition)","","",""
"Not uploaded","On Mercury","Red Hot Chili Peppers","By the Way","","",""
"Not uploaded","On My Way","DJ Bishow, Vek","PROJECT COLLABORATION (DELUXE)","","",""
"Not uploaded","On Sight","Kanye West","Yeezus","","",""
"Not uploaded","One","Ed Sheeran","x (10th Anniversary Edition)","","",""
"Not uploaded","One","Ed Sheeran","x (Wembley Edition)","","",""
"Not uploaded","One","Ed Sheeran","x (Deluxe Edition)","","",""
"Not uploaded","One Big Mob","Red Hot Chili Peppers","One Hot Minute (Deluxe Edition)","","",""
"Not uploaded","One Big Mob","Red Hot Chili Peppers","One Hot Minute","","",""
"Not uploaded","One Big Mob","Red Hot Chili Peppers","The Studio Album Collection 1991 - 2011","","",""
"Not uploaded","One Hot Minute","Red Hot Chili Peppers","One Hot Minute (Deluxe Edition)","","",""
"Not uploaded","One Hot Minute","Red Hot Chili Peppers","One Hot Minute","","",""
"Not uploaded","One Hot Minute","Red Hot Chili Peppers","The Studio Album Collection 1991 - 2011","","",""
"Not uploaded","One In A Million","Guns N' Roses","G N' R Lies","","",""
"Not uploaded","One Life","Ed Sheeran","= (Tour Edition)","","",""
"Not uploaded","One Night","Ed Sheeran","5","","",""
"Not uploaded","One Night","Ed Sheeran","Loose Change","","",""
"Not uploaded","One Night","Ed Sheeran","my forgotten favourites","","",""
"Not uploaded","One Way Traffic","Red Hot Chili Peppers","Unlimited Love","","",""
"Not uploaded","Only Women Bleed / Knockin' On Heaven's Door - Live In New York, Ritz Theatre - May 16, 1991","Guns N' Roses","Use Your Illusion (Super Deluxe)","","",""
"Not uploaded","Only Women Bleed / Knockin' On Heaven's Door - Live In Rio De Janiero, Estadio De Maracana - January 20, 1991","Guns N' Roses","Use Your Illusion II (Deluxe Edition)","","",""
"Not uploaded","Oohhh Nepal","The Edge Band","Alag","","",""
"Not uploaded","Opalite","Taylor Swift","The Life of a Showgirl","","",""
"Not uploaded","Opalite","Taylor Swift","The Life of a Showgirl (Track by Track Version)","","",""
"Not uploaded","Opalite","Taylor Swift","The Life of a Showgirl + Acoustic Collection","","",""
"Not uploaded","Opalite - Track by Track","Taylor Swift","The Life of a Showgirl (Track by Track Version)","","",""
"Not uploaded","Open Hearts","The Weeknd","Hurry Up Tomorrow","","",""
"Not uploaded","Open/Close","Red Hot Chili Peppers","Hanalei / Open/Close","","",""
"Not uploaded","Opening","Ed Sheeran","Play (Extended Edition)","","",""
"Not uploaded","Opening","Ed Sheeran","Play","","",""
"Not uploaded","Opening","Ed Sheeran","Play (Deluxe)","","",""
"Not uploaded","Opening Night","The Weeknd","Hurry Up Tomorrow","","",""
"Not uploaded","Opinion - Live Solo Acoustic","Nirvana","Sliver - The Best Of The Box","","",""
"Not uploaded","Opinion - Live Solo Acoustic","Nirvana","With The Lights Out - Box Set","","",""
"Not uploaded","Oppblock","Jamesy, ROCKY","P2P","","",""
"Not uploaded","Organic Anti-Beat Box Band","Red Hot Chili Peppers","The Uplift Mofo Party Plan","","",""
"Not uploaded","Otherside","Red Hot Chili Peppers","Californication","","",""
"Not uploaded","Otherside","Red Hot Chili Peppers","Californication","","",""
"Not uploaded","Otherside","Red Hot Chili Peppers","The Studio Album Collection 1991 - 2011","","",""
"Not uploaded","Otherside","Red Hot Chili Peppers","Greatest Hits","","",""
"Uploaded","Otis","JAŸ-Z, Kanye West, Otis Redding","Watch The Throne (Deluxe)","public/songs/JAŸ-Z/Watch The Throne (Deluxe)/Otis.mp3","/songs/JA%C5%B8-Z/Watch%20The%20Throne%20(Deluxe)/Otis.mp3","D:\vinyl-demo\public\songs\JAŸ-Z\Watch The Throne (Deluxe)\Otis.mp3"
"Not uploaded","Out In L.A. - 2002 Digital Remaster","Red Hot Chili Peppers","Red Hot Chili Peppers","","",""
"Not uploaded","Out In L.A. - Demo Version","Red Hot Chili Peppers","Red Hot Chili Peppers","","",""
"Not uploaded","Out Ta Get Me","Guns N' Roses","Appetite For Destruction (Super Deluxe Edition)","","",""
"Not uploaded","Out Ta Get Me","Guns N' Roses","Appetite For Destruction","","",""
"Not uploaded","Out Ta Get Me - 1986 Sound City Session","Guns N' Roses","Appetite For Destruction (Super Deluxe Edition)","","",""
"Not uploaded","Out Ta Get Me - Live","Guns N' Roses","Live Era '87-'93 (Live - Deluxe Edition)","","",""
"Not uploaded","Out Ta Get Me - Live In London / 1987","Guns N' Roses","Live Era '87-'93","","",""
"Not uploaded","Outro","Chirag Khadka","Cosmic Soul","","",""
"Not uploaded","Over Funk - 2006 Remaster","Red Hot Chili Peppers","Californication (Deluxe Edition)","","",""
"Not uploaded","OverHeated","Billie Eilish","Happier Than Ever","","",""
"Not uploaded","Overpass Graffiti","Ed Sheeran","= (Tour Edition)","","",""
"Not uploaded","Overpass Graffiti","Ed Sheeran","=","","",""
"Not uploaded","Overpass Graffiti - Live","Ed Sheeran","+-=÷× (Tour Collection: Live)","","",""
"Not uploaded","Oxytocin","Billie Eilish","Happier Than Ever","","",""
"Not uploaded","P2P","Jamesy","P2P","","",""
"Not uploaded","P2P","Jamesy","P2P","","",""
"Not uploaded","PAAILA","AXIX","PAAILA","","",""
"Not uploaded","PAID","¥$, Kanye West, Ty Dolla $ign","VULTURES 1","","",""
"Not uploaded","PAISA","AXIX","PAAILA","","",""
"Not uploaded","PAPERWORK","¥$, Kanye West, Ty Dolla $ign","VULTURES 1","","",""
"Not uploaded","PARTY (feat. Quavo & Takeoff)","DJ Khaled, Quavo, Takeoff","GOD DID","","",""
"Not uploaded","PARTY (feat. Quavo & Takeoff)","DJ Khaled, Quavo, Takeoff","PARTY (feat. Quavo & Takeoff)","","",""
"Not uploaded","PATRAON 2","Jamesy, Yung G","PATRAON 2","","",""
"Not uploaded","PIMMIE'S DILEMMA","Pimmie, PARTYNEXTDOOR, Drake","$ome $exy $ongs 4 U","","",""
"Not uploaded","POPSTAR (feat. Drake)","DJ Khaled, Drake","POPSTAR (feat. Drake)","","",""
"Not uploaded","POWER","Kanye West","My Beautiful Dark Twisted Fantasy","","",""
"Not uploaded","PROBLEMATIC","¥$, Kanye West, Ty Dolla $ign","VULTURES 1","","",""
"Not uploaded","PROMOTION","¥$, Kanye West, Ty Dolla $ign","VULTURES 2","","",""
"Not uploaded","Pa' Mi Mamá","Were, Dj Khala","Pa' Mi Mamá","","",""
"Not uploaded","Paaila - Remastered","AXIX","Paaila (Remastered)","","",""
"Not uploaded","Pagal","Sushant KC","Pagal","","",""
"Not uploaded","Pagal Nabhana Malai","The Edge Band","Pagal Nabhana Malai","","",""
"Not uploaded","Page","Ed Sheeran","Autumn Variations (Fan Living Room Sessions)","","",""
"Not uploaded","Page","Ed Sheeran","Autumn Variations","","",""
"Not uploaded","Page - Live from Deborah’s Living Room","Ed Sheeran","Autumn Variations (Fan Living Room Sessions)","","",""
"Not uploaded","Pahaar","Sajjan Raj Vaidya","Suna Kaanchi","","",""
"Not uploaded","Pahaar","Sajjan Raj Vaidya","Pahaar","","",""
"Not uploaded","Pahaar - Live Version","Sajjan Raj Vaidya","Pahaar (Live Version)","","",""
"Not uploaded","Pahuna","Sushant KC","Pahuna","","",""
"Not uploaded","Paisa - Live In Bhaktapur","AXIX","Paisa (Live In Bhaktapur)","","",""
"Not uploaded","Paper Cuts","Nirvana","Bleach (Deluxe Edition)","","",""
"Not uploaded","Paper Cuts","Nirvana","Bleach","","",""
"Not uploaded","Para pass para","Dj khalipha","Para pass para","","",""
"Not uploaded","Paradise City","Guns N' Roses","Appetite For Destruction (Super Deluxe Edition)","","",""
"Not uploaded","Paradise City","Guns N' Roses","Appetite For Destruction","","",""
"Not uploaded","Paradise City","Guns N' Roses","Greatest Hits","","",""
"Not uploaded","Paradise City - 1986 Sound City Session","Guns N' Roses","Appetite For Destruction (Super Deluxe Edition)","","",""
"Not uploaded","Paradise City - Live","Guns N' Roses","Live Era '87-'93 (Live - Deluxe Edition)","","",""
"Not uploaded","Paradise City - Live In Las Vegas / 1992","Guns N' Roses","Live Era '87-'93","","",""
"Not uploaded","Paradise City - Live In New York, Ritz Theatre - May 16, 1991","Guns N' Roses","Use Your Illusion (Super Deluxe)","","",""
"Not uploaded","Parallel Universe","Red Hot Chili Peppers","Californication (Deluxe Edition)","","",""
"Not uploaded","Parallel Universe","Red Hot Chili Peppers","Californication","","",""
"Not uploaded","Parallel Universe","Red Hot Chili Peppers","The Studio Album Collection 1991 - 2011","","",""
"Not uploaded","Parallel Universe","Red Hot Chili Peppers","Greatest Hits","","",""
"Not uploaded","Parani","YABI The G.O.A.T, DOUBLE XL","Parani","","",""
"Not uploaded","Paranoid","Kanye West, Mr Hudson","808s & Heartbreak","","",""
"Not uploaded","Paribhasa","Purna Rai","Paribhasa","","",""
"Not uploaded","Pariracha Pani","Chirag Khadka","Jay Shamboo","","",""
"Not uploaded","Parkha Na","Sushant KC","Parkha Na","","",""
"Not uploaded","Parkhaai","Sajjan Raj Vaidya","Parkhaai","","",""
"Not uploaded","Parkhi Rahechu","John Rai","Parkhi Rahechu","","",""
"Not uploaded","Parting Glass - Live at Wembley Stadium","Ed Sheeran","x (Wembley Edition)","","",""
"Not uploaded","Party Monster","The Weeknd","Starboy (Deluxe)","","",""
"Not uploaded","Passinho de BH","Dj Thales Jql","Passinho de BH","","",""
"Not uploaded","Patience","Guns N' Roses","G N' R Lies","","",""
"Not uploaded","Patience","Guns N' Roses","Appetite For Destruction (Super Deluxe Edition)","","",""
"Not uploaded","Patience","Guns N' Roses","Greatest Hits","","",""
"Not uploaded","Patience - Live","Guns N' Roses","Live Era '87-'93 (Live - Deluxe Edition)","","",""
"Not uploaded","Patience - Live In Mexico / 1993","Guns N' Roses","Live Era '87-'93","","",""
"Not uploaded","Pay To Play - Demo","Nirvana","With The Lights Out - Box Set","","",""
"Not uploaded","Pay To Play - Smart Sessions","Nirvana","Nevermind (Super Deluxe Edition)","","",""
"Not uploaded","Pay To Play - Smart Sessions","Nirvana","Nevermind (Deluxe Edition)","","",""
"Not uploaded","Pea","Red Hot Chili Peppers","One Hot Minute (Deluxe Edition)","","",""
"Not uploaded","Pea","Red Hot Chili Peppers","One Hot Minute","","",""
"Not uploaded","Pea","Red Hot Chili Peppers","The Studio Album Collection 1991 - 2011","","",""
"Not uploaded","Peace and Love","Red Hot Chili Peppers","Return of the Dream Canteen","","",""
"Not uploaded","Pen Cap Chew - Demo","Nirvana","With The Lights Out - Box Set","","",""
"Not uploaded","Penguins","Ed Sheeran","= (Tour Edition)","","",""
"Not uploaded","Pennyroyal Tea","Nirvana","In Utero (Super Deluxe Edition)","","",""
"Not uploaded","Pennyroyal Tea","Nirvana","In Utero (Deluxe Edition)","","",""
"Not uploaded","Pennyroyal Tea","Nirvana","In Utero","","",""
"Not uploaded","Pennyroyal Tea - 2013 Mix","Nirvana","In Utero (Super Deluxe Edition)","","",""
"Not uploaded","Pennyroyal Tea - 2013 Mix","Nirvana","In Utero (Deluxe Edition)","","",""
"Not uploaded","Pennyroyal Tea - 2023 Remaster","Nirvana","In Utero (30th Anniversary Super Deluxe)","","",""
"Not uploaded","Pennyroyal Tea - Demo / Instrumental","Nirvana","In Utero (Super Deluxe Edition)","","",""
"Not uploaded","Pennyroyal Tea - Demo / Instrumental","Nirvana","In Utero (Deluxe Edition)","","",""
"Not uploaded","Pennyroyal Tea - Live","Nirvana","MTV Unplugged In New York (25th Anniversary)","","",""
"Not uploaded","Pennyroyal Tea - Live","Nirvana","MTV Unplugged In New York","","",""
"Not uploaded","Pennyroyal Tea - Live & Loud","Nirvana","Live And Loud","","",""
"Not uploaded","Pennyroyal Tea - Live & Loud","Nirvana","In Utero (Super Deluxe Edition)","","",""
"Not uploaded","Pennyroyal Tea - Live In Los Angeles, Great Western Forum - December 30, 1993","Nirvana","In Utero (30th Anniversary Super Deluxe)","","",""
"Not uploaded","Pennyroyal Tea - Live In Los Angeles, Great Western Forum - December 30, 1993","Nirvana","In Utero 30th Live","","",""
"Not uploaded","Pennyroyal Tea - Rehearsal","Nirvana","MTV Unplugged In New York (25th Anniversary)","","",""
"Not uploaded","Pennyroyal Tea - Scott Litt Mix","Nirvana","In Utero (Super Deluxe Edition)","","",""
"Not uploaded","Pennyroyal Tea - Scott Litt Mix","Nirvana","In Utero (Deluxe Edition)","","",""
"Not uploaded","Pennyroyal Tea - Single Mix","Nirvana","Nirvana","","",""
"Not uploaded","Perfect","Ed Sheeran","+-=÷× (Tour Collection: Live)","","",""
"Not uploaded","Perfect","Ed Sheeran","+-=÷× (Tour Collection)","","",""
"Not uploaded","Perfect","Ed Sheeran","Divide ÷ (Deluxe)","","",""
"Not uploaded","Perfect","Ed Sheeran","kiss me under the light of a thousand stars","","",""
"Not uploaded","Perfect","Edward Christopher Sheeran, Melissa Black","Perfect","","",""
"Not uploaded","Perfect (Arr. for 4 Marimbas)","Edward Christopher Sheeran, The Wave Quartet","Perfect (Arr. for 4 Marimbas)","","",""
"Not uploaded","Perfect (Smooth piano cover version)","The Ed Sheeran piano cover smooth boys band","Perfect (Smooth piano cover version)","","",""
"Not uploaded","Perfect - Live","Ed Sheeran","+-=÷× (Tour Collection: Live)","","",""
"Not uploaded","Perfect Crime","Guns N' Roses","Use Your Illusion I","","",""
"Not uploaded","Perfect Crime - 2022 Remaster","Guns N' Roses","Use Your Illusion I (Deluxe Edition)","","",""
"Not uploaded","Perfect Crime - 2022 Remaster","Guns N' Roses","Use Your Illusion (Super Deluxe)","","",""
"Not uploaded","Perfect Crime - Live In London, Wembley Stadium - August 31, 1991","Guns N' Roses","Use Your Illusion I (Deluxe Edition)","","",""
"Not uploaded","Perhaps","Guns N' Roses","Perhaps","","",""
"Not uploaded","Permutation - Live in Montreal, 2006","Red Hot Chili Peppers","Snow (Hey Oh)","","",""
"Not uploaded","Peru","Fireboy DML, Ed Sheeran","= (Tour Edition)","","",""
"Not uploaded","Phone Ko No. ?","Sushant KC, Foeseal","Phone Ko No. ?","","",""
"Not uploaded","Phone Ko Number? (Utsav Remix)","Sushant KC, Foeseal, Utsav","Phone Ko Number? (Utsav Remix)","","",""
"Not uploaded","Phool Oonko Sweater","Sujan Chapagain, ArtMandu","Phool Oonko Sweater","","",""
"Not uploaded","Photograph","Ed Sheeran","+-=÷× (Tour Collection: Live)","","",""
"Not uploaded","Photograph","Ed Sheeran","+-=÷× (Tour Collection)","","",""
"Not uploaded","Photograph","Ed Sheeran","x (10th Anniversary Edition)","","",""
"Not uploaded","Photograph","Ed Sheeran","x (Wembley Edition)","","",""
"Not uploaded","Photograph","Ed Sheeran","x (Deluxe Edition)","","",""
"Not uploaded","Photograph (Smooth piano cover version)","The Ed Sheeran piano cover smooth boys band","Photograph (Smooth piano cover version)","","",""
"Not uploaded","Photograph - Live","Ed Sheeran","+-=÷× (Tour Collection: Live)","","",""
"Not uploaded","Phutki Jaaney Jovan","Sajjan Raj Vaidya","Phutki Jaaney Jovan","","",""
"Not uploaded","Pink as Floyd","Red Hot Chili Peppers","Pink as Floyd / Your Eyes Girl","","",""
"Not uploaded","Pinocchio Story","Kanye West","808s & Heartbreak","","",""
"Not uploaded","Plan B","Sushant KC, Yodda","Plan B","","",""
"Not uploaded","Plastic Bag","Ed Sheeran","Autumn Variations (Fan Living Room Sessions)","","",""
"Not uploaded","Plastic Bag","Ed Sheeran","Autumn Variations","","",""
"Not uploaded","Plastic Bag - Live from Alex’s Living Room","Ed Sheeran","Autumn Variations (Fan Living Room Sessions)","","",""
"Not uploaded","Plateau - Live","Nirvana","MTV Unplugged In New York (25th Anniversary)","","",""
"Not uploaded","Plateau - Live","Nirvana","MTV Unplugged In New York","","",""
"Not uploaded","Plateau - Rehearsal","Nirvana","MTV Unplugged In New York (25th Anniversary)","","",""
"Not uploaded","Plug","Jamesy","Plug","","",""
"Not uploaded","Pode descer gostoso","Dj Thales Jql","Ritmo do Jql","","",""
"Not uploaded","Police Helicopter - 2002 Digital Remaster","Red Hot Chili Peppers","Red Hot Chili Peppers","","",""
"Not uploaded","Police Helicopter - Demo Version","Red Hot Chili Peppers","Red Hot Chili Peppers","","",""
"Not uploaded","Police Station","Red Hot Chili Peppers","I'm with You","","",""
"Not uploaded","Polly","Nirvana","Nevermind (Super Deluxe Edition)","","",""
"Not uploaded","Polly","Nirvana","Nevermind (Remastered)","","",""
"Not uploaded","Polly","Nirvana","Nevermind (Deluxe Edition)","","",""
"Not uploaded","Polly - 1992/Live at Reading","Nirvana","Live at Reading","","",""
"Not uploaded","Polly - Demo","Nirvana","With The Lights Out - Box Set","","",""
"Not uploaded","Polly - Live","Nirvana","MTV Unplugged In New York (25th Anniversary)","","",""
"Not uploaded","Polly - Live","Nirvana","MTV Unplugged In New York","","",""
"Not uploaded","Polly - Live At Del Mar B-Side","Nirvana","Nevermind (Super Deluxe Edition)","","",""
"Not uploaded","Polly - Live At Del Mar B-Side","Nirvana","Nevermind (Deluxe Edition)","","",""
"Not uploaded","Polly - Live At London Astoria, UK, December 3, 1989","Nirvana","From The Muddy Banks Of The Wishkah (Live)","","",""
"Not uploaded","Polly - Live At The Paramount/1991","Nirvana","Live At The Paramount","","",""
"Not uploaded","Polly - Live In Amsterdam, Netherlands/1991","Nirvana","Nevermind (30th Anniversary Super Deluxe)","","",""
"Not uploaded","Polly - Live In Del Mar, California/1991","Nirvana","Nevermind (30th Anniversary Super Deluxe)","","",""
"Not uploaded","Polly - Live In Los Angeles, Great Western Forum - December 30, 1993","Nirvana","In Utero (30th Anniversary Super Deluxe)","","",""
"Not uploaded","Polly - Rehearsal","Nirvana","MTV Unplugged In New York (25th Anniversary)","","",""
"Not uploaded","Polly - Remastered 2021","Nirvana","Nevermind (30th Anniversary Super Deluxe)","","",""
"Not uploaded","Polly - Smart Sessions","Nirvana","Nevermind (Super Deluxe Edition)","","",""
"Not uploaded","Polly - Smart Sessions","Nirvana","Nevermind (Deluxe Edition)","","",""
"Not uploaded","Polly - Solo Acoustic Demo","Nirvana","With The Lights Out - Box Set","","",""
"Not uploaded","Porcelain","Red Hot Chili Peppers","Californication (Deluxe Edition)","","",""
"Not uploaded","Porcelain","Red Hot Chili Peppers","Californication","","",""
"Not uploaded","Porcelain","Red Hot Chili Peppers","The Studio Album Collection 1991 - 2011","","",""
"Not uploaded","Poster Child","Red Hot Chili Peppers","Unlimited Love","","",""
"Not uploaded","Poster Child","Red Hot Chili Peppers","Poster Child","","",""
"Uploaded","Praise God","Kanye West","Donda (Deluxe)","public/songs/Kanye West/Donda (Deluxe)/Praise God.mp3","/songs/Kanye%20West/Donda%20(Deluxe)/Praise%20God.mp3","D:\vinyl-demo\public\songs\Kanye West\Donda (Deluxe)\Praise God.mp3"
"Not uploaded","Praise God","Kanye West","Donda","","",""
"Not uploaded","Prashna (Raw)","John Rai","Prashna (Raw)","","",""
"Not uploaded","Prastaab","The Edge Band","Vibes","","",""
"Not uploaded","Pray speed up - DJ khalipha Remix","RICHIIELOLO, Dj khalipha","Pray speed up (DJ khalipha Remix)","","",""
"Not uploaded","Prayas","Yabesh Thapa, Pratik Shakya","Prayas","","",""
"Not uploaded","Prayas","The Edge Band","Mero Prayas","","",""
"Not uploaded","Pretty Little Ditty - Remastered 2003","Red Hot Chili Peppers","Mother's Milk","","",""
"Not uploaded","Pretty Tied Up (The Perils Of Rock N' Roll Decadence)","Guns N' Roses","Use Your Illusion II","","",""
"Not uploaded","Pretty Tied Up (The Perils Of Rock N' Roll Decadence) - 2022 Remaster","Guns N' Roses","Use Your Illusion II (Deluxe Edition)","","",""
"Not uploaded","Pretty Tied Up (The Perils Of Rock N' Roll Decadence) - 2022 Remaster","Guns N' Roses","Use Your Illusion (Super Deluxe)","","",""
"Not uploaded","Pretty Tied Up - Live","Guns N' Roses","Live Era '87-'93 (Live - Deluxe Edition)","","",""
"Not uploaded","Pretty Tied Up - Live In Japan / 1992","Guns N' Roses","Live Era '87-'93","","",""
"Not uploaded","Pretty Tied Up - Live in New York, Ritz Theatre - May 16, 1991","Guns N' Roses","Use Your Illusion II (Deluxe Edition)","","",""
"Not uploaded","Pretty Tied Up - Live in New York, Ritz Theatre - May 16, 1991","Guns N' Roses","Use Your Illusion (Super Deluxe)","","",""
"Uploaded","Primetime","JAŸ-Z, Kanye West","Watch The Throne (Deluxe)","public/songs/JAŸ-Z/Watch The Throne (Deluxe)/Primetime.mp3","/songs/JA%C5%B8-Z/Watch%20The%20Throne%20(Deluxe)/Primetime.mp3","D:\vinyl-demo\public\songs\JAŸ-Z\Watch The Throne (Deluxe)\Primetime.mp3"
"Not uploaded","Problems","Ed Sheeran","Play (Extended Edition)","","",""
"Not uploaded","Pros menor 244","Dj Thales Jql","Ritmo do Jql","","",""
"Not uploaded","Prostitute","Guns N' Roses","Chinese Democracy","","",""
"Not uploaded","Psychedelic Rap","Chirag Khadka","Psychedelic Rap","","",""
"Not uploaded","Pt. 2","Kanye West","The Life Of Pablo","","",""
"Not uploaded","Punchline","Ed Sheeran","Autumn Variations (Fan Living Room Sessions)","","",""
"Not uploaded","Punchline","Ed Sheeran","Autumn Variations","","",""
"Not uploaded","Punchline - Live from Holly’s Living Room","Ed Sheeran","Autumn Variations (Fan Living Room Sessions)","","",""
"Not uploaded","Punk Rock Classic - Remastered 2003","Red Hot Chili Peppers","Mother's Milk","","",""
"Not uploaded","Pure Souls","Kanye West","Donda (Deluxe)","","",""
"Not uploaded","Pure Souls","Kanye West","Donda","","",""
"Not uploaded","Purple Haze Skunk","Chirag Khadka","Cosmic Soul","","",""
"Not uploaded","Purple Stain","Red Hot Chili Peppers","Californication (Deluxe Edition)","","",""
"Not uploaded","Purple Stain","Red Hot Chili Peppers","Californication","","",""
"Not uploaded","Purple Stain","Red Hot Chili Peppers","The Studio Album Collection 1991 - 2011","","",""
"Not uploaded","Purva Jaaney Panchi","Sajjan Raj Vaidya, Joyous Gurung","Purva Jaaney Panchi","","",""
"Not uploaded","Put It All on Me (feat. Ella Mai)","Ed Sheeran, Ella Mai","No.6 Collaborations Project","","",""
"Not uploaded","Que se foda porra","Dj Thales Jql, DJ DIDI, Mc Gimenes","Que se foda porra","","",""
"Not uploaded","Quem te pego","Dj Thales Jql, Dj Biel Sb","Quem te pego","","",""
"Not uploaded","Quixoticelixer - 2006 Remaster","Red Hot Chili Peppers","Californication (Deluxe Edition)","","",""
"Not uploaded","RADIO INTERLUDE","Jamesy","SELFMADE","","",""
"Not uploaded","RAMEY","Jamesy, Rockyy","RAMEY","","",""
"Not uploaded","RAUSI LAYO","Jamesy","RISKTAPE","","",""
"Not uploaded","READY","Jamesy","READY","","",""
"Not uploaded","RIVER","¥$, Kanye West, Ty Dolla $ign","VULTURES 2","","",""
"Not uploaded","ROCKY (MAHLAI BAAL)","Jamesy","ROCKY (MAHLAI BAAL)","","",""
"Not uploaded","RX 100","YABI The G.O.A.T, Viber Saimon","RX 100","","",""
"Not uploaded","Raat Cha Lamo","DJ Bishow, GOli, Symfamous","Raat Cha Lamo","","",""
"Not uploaded","Raat Ko Rani","Albatross, Diwas Gurung","Raat Ko Rani","","",""
"Not uploaded","Raat Ko Rani","Albatross, Diwas Gurung","Raat ko Rani","","",""
"Not uploaded","Raat Ko Rani - Acoustic","Albatross","Barahsinghe Acoustic Sessions","","",""
"Not uploaded","Radio (feat. JME)","Ed Sheeran, Jme","5","","",""
"Not uploaded","Radio (feat. JME)","Ed Sheeran, Jme","No.5 Collaborations Project","","",""
"Not uploaded","Radio Friendly Unit Shifter","Nirvana","In Utero (Super Deluxe Edition)","","",""
"Not uploaded","Radio Friendly Unit Shifter","Nirvana","In Utero (Deluxe Edition)","","",""
"Not uploaded","Radio Friendly Unit Shifter","Nirvana","In Utero","","",""
"Not uploaded","Radio Friendly Unit Shifter - 2013 Mix","Nirvana","In Utero (Super Deluxe Edition)","","",""
"Not uploaded","Radio Friendly Unit Shifter - 2013 Mix","Nirvana","In Utero (Deluxe Edition)","","",""
"Not uploaded","Radio Friendly Unit Shifter - 2023 Remaster","Nirvana","In Utero (30th Anniversary Super Deluxe)","","",""
"Not uploaded","Radio Friendly Unit Shifter - Demo / Instrumental","Nirvana","In Utero (Super Deluxe Edition)","","",""
"Not uploaded","Radio Friendly Unit Shifter - Demo / Instrumental","Nirvana","In Utero (Deluxe Edition)","","",""
"Not uploaded","Radio Friendly Unit Shifter - Live & Loud","Nirvana","Live And Loud","","",""
"Not uploaded","Radio Friendly Unit Shifter - Live & Loud","Nirvana","In Utero (Super Deluxe Edition)","","",""
"Not uploaded","Radio Friendly Unit Shifter - Live In Los Angeles, Great Western Forum - December 30, 1993","Nirvana","In Utero (30th Anniversary Super Deluxe)","","",""
"Not uploaded","Radio Friendly Unit Shifter - Live In Seattle, Seattle Center Arena - January 7, 1994","Nirvana","In Utero (30th Anniversary Super Deluxe)","","",""
"Uploaded","Rake It Up","Yo Gotti","","public/songs/Yo Gotti/Rake It Up.mp3","/songs/Yo%20Gotti/Rake%20It%20Up.mp3","D:\vinyl-demo\public\songs\Yo Gotti\Rake It Up.mp3"
"Not uploaded","Rally street house beat","Dj khalipha","Streetline","","",""
"Not uploaded","Ranga","Rockheads","Ranga","","",""
"Not uploaded","Rangin","Sushant KC","Rangin","","",""
"Not uploaded","Rape Me","Nirvana","In Utero (Super Deluxe Edition)","","",""
"Not uploaded","Rape Me","Nirvana","In Utero (Deluxe Edition)","","",""
"Not uploaded","Rape Me","Nirvana","In Utero","","",""
"Not uploaded","Rape Me","Nirvana","Nirvana","","",""
"Not uploaded","Rape Me - 2013 Mix","Nirvana","In Utero (Super Deluxe Edition)","","",""
"Not uploaded","Rape Me - 2013 Mix","Nirvana","In Utero (Deluxe Edition)","","",""
"Not uploaded","Rape Me - 2023 Remaster","Nirvana","In Utero (30th Anniversary Super Deluxe)","","",""
"Not uploaded","Rape Me - Demo","Nirvana","Sliver - The Best Of The Box","","",""
"Not uploaded","Rape Me - Demo","Nirvana","With The Lights Out - Box Set","","",""
"Not uploaded","Rape Me - Live & Loud","Nirvana","Live And Loud","","",""
"Not uploaded","Rape Me - Live & Loud","Nirvana","In Utero (Super Deluxe Edition)","","",""
"Not uploaded","Rape Me - Live At The Paramount/1991","Nirvana","Live At The Paramount","","",""
"Not uploaded","Rape Me - Live In Los Angeles, Great Western Forum - December 30, 1993","Nirvana","In Utero (30th Anniversary Super Deluxe)","","",""
"Not uploaded","Rape Me - Solo Acoustic","Nirvana","Sliver - The Best Of The Box","","",""
"Not uploaded","Rape Me - Solo Acoustic","Nirvana","With The Lights Out - Box Set","","",""
"Not uploaded","Raunchola/Moby Dick - Live","Nirvana","With The Lights Out - Box Set","","",""
"Not uploaded","Rausi layo","Jamesy","Rausi layo","","",""
"Not uploaded","Ravers Street House Beat","Dj khalipha","Ravers Street House Beat","","",""
"Not uploaded","Raw Power","Guns N' Roses","The Spaghetti Incident?","","",""
"Not uploaded","Reach Out","Red Hot Chili Peppers","Return of the Dream Canteen","","",""
"Not uploaded","Readymade","Red Hot Chili Peppers","Stadium Arcadium","","",""
"Not uploaded","Real Friends","Kanye West","The Life Of Pablo","","",""
"Not uploaded","Reborn","KIDS SEE GHOSTS","KIDS SEE GHOSTS","","",""
"Not uploaded","Reckless Life - 1986 Sound City Session","Guns N' Roses","Appetite For Destruction (Super Deluxe Edition)","","",""
"Not uploaded","Reckless Life - Live","Guns N' Roses","G N' R Lies","","",""
"Not uploaded","Reckless Life - Live","Guns N' Roses","Appetite For Destruction (Super Deluxe Edition)","","",""
"Not uploaded","Reflections Laughing (feat. Travis Scott, Florence + The Machine)","The Weeknd, Travis Scott, Florence + The Machine","Hurry Up Tomorrow","","",""
"Not uploaded","Regrets","Ed Sheeran","Play (Extended Edition)","","",""
"Not uploaded","Relieved (Mara Street House Beat)","Dj khalipha","Relieved (Mara Street House Beat)","","",""
"Not uploaded","Remember The Name (feat. Eminem & 50 Cent)","Ed Sheeran, Eminem, 50 Cent","No.6 Collaborations Project","","",""
"Not uploaded","Reminder","The Weeknd","Starboy (Deluxe)","","",""
"Not uploaded","Remote Control","Kanye West","Donda (Deluxe)","","",""
"Not uploaded","Remote Control","Kanye West","Donda","","",""
"Not uploaded","Remote Control pt 2","Kanye West","Donda (Deluxe)","","",""
"Not uploaded","Return Of The Rat - Outtake","Nirvana","With The Lights Out - Box Set","","",""
"Not uploaded","Riad N' The Bedouins","Guns N' Roses","Chinese Democracy","","",""
"Not uploaded","Riddim of Survival (Street House Mix)","Dj khalipha","Riddim of Survival (Street House Mix)","","",""
"Not uploaded","Right Next Door To Hell","Guns N' Roses","Use Your Illusion I","","",""
"Not uploaded","Right Next Door To Hell - 2022 Remaster","Guns N' Roses","Use Your Illusion I (Deluxe Edition)","","",""
"Not uploaded","Right Next Door To Hell - 2022 Remaster","Guns N' Roses","Use Your Illusion (Super Deluxe)","","",""
"Not uploaded","Right Next Door To Hell - Live in New York, Ritz Theatre - May 16, 1991","Guns N' Roses","Use Your Illusion I (Deluxe Edition)","","",""
"Not uploaded","Right Next Door To Hell - Live in New York, Ritz Theatre - May 16, 1991","Guns N' Roses","Use Your Illusion (Super Deluxe)","","",""
"Not uploaded","Right On Left","DJ Bishow, Nawaj Ansari","PROJECT COLLABORATION (DELUXE)","","",""
"Not uploaded","Right On Left","DJ Bishow, Nawaj Ansari","PROJECT COLLABORATION","","",""
"Not uploaded","Right On Left","DJ Bishow, Nawaj Ansari, Bibash Jk","Right On Left","","",""
"Not uploaded","Right on Time","Red Hot Chili Peppers","Californication (Deluxe Edition)","","",""
"Not uploaded","Right on Time","Red Hot Chili Peppers","Californication","","",""
"Not uploaded","Right on Time","Red Hot Chili Peppers","The Studio Album Collection 1991 - 2011","","",""
"Not uploaded","Risaune Bhaye","Sushant KC","Risaune Bhaye","","",""
"Not uploaded","Road Trippin'","Red Hot Chili Peppers","Californication (Deluxe Edition)","","",""
"Not uploaded","Road Trippin'","Red Hot Chili Peppers","Californication","","",""
"Not uploaded","Road Trippin'","Red Hot Chili Peppers","The Studio Album Collection 1991 - 2011","","",""
"Not uploaded","Road Trippin'","Red Hot Chili Peppers","Greatest Hits","","",""
"Not uploaded","RoboCop","Kanye West","808s & Heartbreak","","",""
"Not uploaded","Rocket Queen","Guns N' Roses","Appetite For Destruction (Super Deluxe Edition)","","",""
"Not uploaded","Rocket Queen","Guns N' Roses","Appetite For Destruction","","",""
"Not uploaded","Rocket Queen - 1986 Sound City Session","Guns N' Roses","Appetite For Destruction (Super Deluxe Edition)","","",""
"Not uploaded","Rocket Queen - Live","Guns N' Roses","Live Era '87-'93 (Live - Deluxe Edition)","","",""
"Not uploaded","Rocket Queen - Live In Las Vegas / 1992","Guns N' Roses","Live Era '87-'93","","",""
"Not uploaded","Rockin’","The Weeknd","Starboy (Deluxe)","","",""
"Not uploaded","Rogue street house beat","Dj khalipha","Streetline","","",""
"Not uploaded","Roka Yo Samay","Tribal Rain","Roka Yo Samay","","",""
"Not uploaded","Rollie","Chirag Khadka","Rollie","","",""
"Not uploaded","Rondo","Jamesy","Rondo","","",""
"Not uploaded","Roses","Kanye West","Late Registration","","",""
"Not uploaded","Roulette","Red Hot Chili Peppers","Return of the Dream Canteen","","",""
"Not uploaded","Ruin The Friendship","Taylor Swift","The Life of a Showgirl","","",""
"Not uploaded","Ruin The Friendship","Taylor Swift","The Life of a Showgirl + Acoustic Collection","","",""
"Not uploaded","Run On Gun (From ""Lappan Chhappan"")","Sabin Rai, Deepak Rj","Run On Gun (From ""Lappan Chhappan"")","","",""
"Not uploaded","Runaway","Ed Sheeran","x (10th Anniversary Edition)","","",""
"Not uploaded","Runaway","Ed Sheeran","x (Wembley Edition)","","",""
"Not uploaded","Runaway","Ed Sheeran","x (Deluxe Edition)","","",""
"Not uploaded","Runaway","Kanye West, Pusha T","My Beautiful Dark Twisted Fantasy","","",""
"Not uploaded","Runaway - 2006 Remaster","Red Hot Chili Peppers","By the Way (Deluxe Edition)","","",""
"Not uploaded","Rup Kathaa","Oasis Thapa","Rup Kathaa","","",""
"Not uploaded","Rush street house beat","Dj khalipha","Streetline","","",""
"Not uploaded","S On My Chest","DJ Khaled","We The Best","","",""
"Not uploaded","SAHAR KO BHID","Jamesy, Alpina, Milano","SAHAR KO BHID","","",""
"Not uploaded","SCIFI","DONDA, Kanye West, Ye","DONDA 2","","",""
"Not uploaded","SECURITY","DONDA, Kanye West, Ye","DONDA 2","","",""
"Not uploaded","SELFMADE","Jamesy","SELFMADE","","",""
"Not uploaded","SEXY","Jamesy","RISKTAPE","","",""
"Not uploaded","SHAWTY","Jamesy","SELFMADE","","",""
"Not uploaded","SKINNY","Billie Eilish","HIT ME HARD AND SOFT","","",""
"Not uploaded","SKY CITY","¥$, Kanye West, Ty Dolla $ign","VULTURES 2","","",""
"Not uploaded","SLIDE","¥$, Kanye West, Ty Dolla $ign","VULTURES 2","","",""
"Not uploaded","SLIDE","¥$, Kanye West, Ty Dolla $ign","SLIDE","","",""
"Not uploaded","SMALL TOWN FAME","Drake","$ome $exy $ongs 4 U","","",""
"Not uploaded","SOMETHING ABOUT YOU","PARTYNEXTDOOR, Drake","$ome $exy $ongs 4 U","","",""
"Not uploaded","SORRY NOT SORRY (feat. Nas, JAY-Z & James Fauntleroy) - Harmonies by The Hive","DJ Khaled, Nas, JAŸ-Z, James Fauntleroy","SORRY NOT SORRY (feat. Nas, JAY-Z & James Fauntleroy) [Harmonies by The Hive]","","/songs/dj_khaled_ft__nas__jay_z___james_fauntleroy_and_harmonies_by_the_hive___sorry_not_sorry__mon6_eqfqfi_-1772641309439-760211699.mp3","D:\vinyl-demo\public\songs\dj_khaled_ft__nas__jay_z___james_fauntleroy_and_harmonies_by_the_hive___sorry_not_sorry__mon6_eqfqfi_-1772641309439-760211699.mp3"
"Not uploaded","SPIDER-MAN SUPERMAN","PARTYNEXTDOOR, Drake","$ome $exy $ongs 4 U","","",""
"Not uploaded","STARS","¥$, Kanye West, Ty Dolla $ign","VULTURES 1","","",""
"Not uploaded","STAYING ALIVE (feat. Drake & Lil Baby)","DJ Khaled, Drake, Lil Baby","GOD DID","","",""
"Not uploaded","STAYING ALIVE (feat. Drake & Lil Baby)","DJ Khaled, Drake, Lil Baby","STAYING ALIVE (feat. Drake & Lil Baby)","","",""
"Not uploaded","SUMMERTIME","Jamesy","SELFMADE","","",""
"Not uploaded","SUPPOSED TO BE LOVED (feat. Lil Baby, Future & Lil Uzi Vert)","DJ Khaled, Lil Baby, Future, Lil Uzi Vert","SUPPOSED TO BE LOVED","","",""
"Not uploaded","SUZY","DONDA, Kanye West, Ye","DONDA 2","","",""
"Not uploaded","Saacho Kura","Yabesh Thapa, Zeroo, Easi 12, Dong","Saacho Kura","","",""
"Not uploaded","Saat Samundra Pari","AXIX","Ghar Gaun","","",""
"Not uploaded","Saath","Jamesy, Milano","P2P","","",""
"Not uploaded","Sabailai","Purna Rai","Sabailai","","",""
"Not uploaded","Sacred","Albatross","Jo Jas Sanga Sambandhit Chha","","",""
"Not uploaded","Sacrifice - Live","The Weeknd","Live At SoFi Stadium","","",""
"Not uploaded","Sadhai Timi Mero","Sabin Rai","Rangamanch Ko Rang","","",""
"Not uploaded","Sadhana","John Rai","Sadhana","","",""
"Not uploaded","Sagar","Albatross","Ma Ra Malai","","",""
"Not uploaded","Sagar - Acoustic","Albatross","Barahsinghe Acoustic Sessions","","",""
"Not uploaded","Sahara","Tribal Rain","Sahara","","",""
"Not uploaded","Sahara","Rockheads","Sahara","","",""
"Not uploaded","Sahi Ho","Yabesh Thapa, Bizen","Sahi Ho","","",""
"Not uploaded","Sahi Sahi Sahi","Chirag Khadka","Cosmic Soul","","",""
"Not uploaded","Sahidko Pukar","AXIX","Black and White","","",""
"Not uploaded","Sail Away Sweet Sister - Live In Paris, Hippodrome De Vincennes - June 6, 1992","Guns N' Roses","Use Your Illusion II (Deluxe Edition)","","",""
"Not uploaded","Saint Pablo","Kanye West","The Life Of Pablo","","",""
"Not uploaded","Sakaratmakta","Chirag Khadka","Sakaratmakta","","",""
"Not uploaded","Salt Water","Ed Sheeran","- (Deluxe)","","",""
"Not uploaded","Salute To Kareem - Demo","Red Hot Chili Peppers","Mother's Milk","","",""
"Not uploaded","Samadhi","Chirag Khadka","Jay Shamboo","","",""
"Not uploaded","Saman Nikal","DJ Bishow, Nawaj Ansari, young lama","PROJECT COLLABORATION (DELUXE)","","",""
"Not uploaded","Saman Nikal","DJ Bishow, Nawaj Ansari, young lama","PROJECT COLLABORATION","","",""
"Not uploaded","Saman Nikal","DJ Bishow, Nawaj Ansari, young lama","Saman Nikal","","",""
"Not uploaded","Samaya","Chirag Khadka","Samaya","","",""
"Not uploaded","Samaya Ley","John Rai","Samaya Ley","","",""
"Not uploaded","Samjhana Haru Lai","Sabin Rai","Sataha","","",""
"Not uploaded","Samjhanama (Ma Sadhai Haasirahu)","Bartika Eam Rai","Si Ma Na","","",""
"Not uploaded","Samjheyra","The Edge Band","Gantabya","","",""
"Not uploaded","Samjhine Mutu","The Edge Band","Mero Prayas","","",""
"Not uploaded","Samjhirakhnu","Chirag Khadka","Samjhirakhnu","","",""
"Not uploaded","Sandman","Ed Sheeran","= (Tour Edition)","","",""
"Not uploaded","Sandman","Ed Sheeran","=","","",""
"Not uploaded","Sansaar","Swar, Swapnil Sharma, Rohit Shakya","Sansaar","","",""
"Not uploaded","Sapanaharu Aankha Kholerai Dekhne Garchau Re?","Bartika Eam Rai","Aandhii, Ityaadi","","",""
"Not uploaded","Sapphire","Ed Sheeran","Play (Extended Edition)","","",""
"Not uploaded","Sapphire","Ed Sheeran","Play","","",""
"Not uploaded","Sapphire","Ed Sheeran","Sapphire","","",""
"Not uploaded","Sapphire","","Down on My Knees","","",""
"Not uploaded","Sapphire","Ed Sheeran","Play (Deluxe)","","",""
"Not uploaded","Sapphire - Unplugged","Ed Sheeran","Sapphire (Unplugged)","","",""
"Not uploaded","Sappy (Live at Pine Street Theatre)","Nirvana","Bleach (Deluxe Edition)","","",""
"Not uploaded","Sappy - 1990 Studio Demo","Nirvana","Sliver - The Best Of The Box","","",""
"Not uploaded","Sappy - 2013 Mix","Nirvana","In Utero (Super Deluxe Edition)","","",""
"Not uploaded","Sappy - 2013 Mix","Nirvana","In Utero (Deluxe Edition)","","",""
"Not uploaded","Sappy - 2023 Remaster","Nirvana","In Utero (30th Anniversary Super Deluxe)","","",""
"Not uploaded","Sappy - Smart Sessions","Nirvana","Nevermind (Super Deluxe Edition)","","",""
"Not uploaded","Sappy - Smart Sessions","Nirvana","Nevermind (Deluxe Edition)","","",""
"Not uploaded","Sarangi","Sushant KC","Sarangi","","",""
"Not uploaded","Sasto Mutu","Sajjan Raj Vaidya","Sasto Mutu","","",""
"Not uploaded","Satayera","Sushant KC","Maya Ma (2018 Compilation)","","",""
"Not uploaded","Sathi","Sushant KC","Sathi","","",""
"Not uploaded","Save Myself","Ed Sheeran","Divide ÷ (Deluxe)","","",""
"Not uploaded","Save the Population","Red Hot Chili Peppers","Greatest Hits","","",""
"Not uploaded","Savior","Red Hot Chili Peppers","Californication (Deluxe Edition)","","",""
"Not uploaded","Savior","Red Hot Chili Peppers","Californication","","",""
"Not uploaded","Savior","Red Hot Chili Peppers","The Studio Album Collection 1991 - 2011","","",""
"Not uploaded","Say You Will","Kanye West","808s & Heartbreak","","",""
"Not uploaded","Scar Tissue","Red Hot Chili Peppers","Californication","","",""
"Not uploaded","Scar Tissue","Red Hot Chili Peppers","Californication","","",""
"Not uploaded","Scar Tissue","Red Hot Chili Peppers","The Studio Album Collection 1991 - 2011","","",""
"Not uploaded","Scar Tissue","Red Hot Chili Peppers","Greatest Hits","","",""
"Not uploaded","Scentless Apprentice","Nirvana","In Utero (Super Deluxe Edition)","","",""
"Not uploaded","Scentless Apprentice","Nirvana","In Utero (Deluxe Edition)","","",""
"Not uploaded","Scentless Apprentice","Nirvana","In Utero","","",""
"Not uploaded","Scentless Apprentice - 2013 Mix","Nirvana","In Utero (Super Deluxe Edition)","","",""
"Not uploaded","Scentless Apprentice - 2013 Mix","Nirvana","In Utero (Deluxe Edition)","","",""
"Not uploaded","Scentless Apprentice - 2023 Remaster","Nirvana","In Utero (30th Anniversary Super Deluxe)","","",""
"Not uploaded","Scentless Apprentice - Demo","Nirvana","In Utero (Super Deluxe Edition)","","",""
"Not uploaded","Scentless Apprentice - Demo","Nirvana","In Utero (Deluxe Edition)","","",""
"Not uploaded","Scentless Apprentice - Live & Loud","Nirvana","Live And Loud","","",""
"Not uploaded","Scentless Apprentice - Live In Seattle, Seattle Center Arena - January 7, 1994","Nirvana","In Utero 30th Live","","",""
"Not uploaded","Scentless Apprentice - Live In Seattle, WA., December 13, 1993","Nirvana","From The Muddy Banks Of The Wishkah (Live)","","",""
"Not uploaded","Scentless Apprentice - Rehearsal Demo","Nirvana","With The Lights Out - Box Set","","",""
"Not uploaded","School","Nirvana","Bleach (Deluxe Edition)","","",""
"Not uploaded","School","Nirvana","Bleach","","",""
"Not uploaded","School (Live at Pine Street Theatre)","Nirvana","Bleach (Deluxe Edition)","","",""
"Not uploaded","School - 1992/Live at Reading","Nirvana","Live at Reading","","",""
"Not uploaded","School - Live & Loud","Nirvana","Live And Loud","","",""
"Not uploaded","School - Live At Paramount Theatre/1991","Nirvana","Nevermind (Super Deluxe Edition)","","",""
"Not uploaded","School - Live At Paramount Theatre/1991","Nirvana","Nevermind (Deluxe Edition)","","",""
"Not uploaded","School - Live At The Paramount/1991","Nirvana","Live At The Paramount","","",""
"Not uploaded","School - Live In Amsterdam, Netherlands/1991","Nirvana","Nevermind (30th Anniversary Super Deluxe)","","",""
"Not uploaded","School - Live In Amsterdam, Netherlands/1991","Nirvana","From The Muddy Banks Of The Wishkah (Live)","","",""
"Not uploaded","School - Live In Del Mar, California/1991","Nirvana","Nevermind (30th Anniversary Super Deluxe)","","",""
"Not uploaded","School - Live In Los Angeles, Great Western Forum - December 30, 1993","Nirvana","In Utero (30th Anniversary Super Deluxe)","","",""
"Not uploaded","School - Live In Melbourne, Australia For Triple J/1992","Nirvana","Nevermind (30th Anniversary Super Deluxe)","","",""
"Not uploaded","School Spirit","Kanye West","The College Dropout","","",""
"Not uploaded","School Spirit Skit 1","Kanye West","The College Dropout","","",""
"Not uploaded","School Spirit Skit 2","Kanye West","The College Dropout","","",""
"Not uploaded","Scoff","Nirvana","Bleach (Deluxe Edition)","","",""
"Not uploaded","Scoff","Nirvana","Bleach","","",""
"Not uploaded","Scoff (Live at Pine Street Theatre)","Nirvana","Bleach (Deluxe Edition)","","",""
"Not uploaded","Scraped","Guns N' Roses","Chinese Democracy","","",""
"Not uploaded","Search and Destroy - 2012 Remaster","Red Hot Chili Peppers","Rock & Roll Hall of Fame Covers - EP","","",""
"Not uploaded","Secrets","The Weeknd","Starboy (Deluxe)","","",""
"Not uploaded","See You In My Nightmares","Kanye West, Lil Wayne","808s & Heartbreak","","",""
"Not uploaded","Selah","Kanye West","JESUS IS KING","","",""
"Not uploaded","Send It Up","Kanye West","Yeezus","","",""
"Not uploaded","Senta no pau do seu preto","Dj Thales Jql, DJ DIDI","Senta no pau do seu preto","","",""
"Not uploaded","Sequencia da Botada","Dj Thales Jql","Sequencia da Botada","","",""
"Not uploaded","Sequencia do Peixão","Dj Thales Jql, Dj Adrien Martins","Sequencia do Peixão","","",""
"Not uploaded","Sequencia do Vuk","Dj Thales Jql","Sequencia do Vuk","","",""
"Not uploaded","Sequencia do Vuk 2","Dj Thales Jql","Sequencia do Vuk 2","","",""
"Not uploaded","Sequenciada do Jack Pt. 1","Dj Thales Jql","Barulho Jql","","",""
"Not uploaded","Serve The Servants","Nirvana","In Utero (Super Deluxe Edition)","","",""
"Not uploaded","Serve The Servants","Nirvana","In Utero (Deluxe Edition)","","",""
"Not uploaded","Serve The Servants","Nirvana","In Utero","","",""
"Not uploaded","Serve The Servants - 2013 Mix","Nirvana","In Utero (Super Deluxe Edition)","","",""
"Not uploaded","Serve The Servants - 2013 Mix","Nirvana","In Utero (Deluxe Edition)","","",""
"Not uploaded","Serve The Servants - 2023 Remaster","Nirvana","In Utero (30th Anniversary Super Deluxe)","","",""
"Not uploaded","Serve The Servants - Live & Loud","Nirvana","Live And Loud","","",""
"Not uploaded","Serve The Servants - Live & Loud","Nirvana","In Utero (Super Deluxe Edition)","","",""
"Not uploaded","Serve The Servants - Live In Los Angeles, Great Western Forum - December 30, 1993","Nirvana","In Utero (30th Anniversary Super Deluxe)","","",""
"Not uploaded","Serve The Servants - Live In Seattle, Seattle Center Arena - January 7, 1994","Nirvana","In Utero (30th Anniversary Super Deluxe)","","",""
"Not uploaded","Sex Rap","Red Hot Chili Peppers","Freaky Styley","","",""
"Not uploaded","Sex Rap - Remastered","Red Hot Chili Peppers","Freaky Styley","","",""
"Not uploaded","Sexy Geet","Jamesy","Sexy Geet","","",""
"Not uploaded","Sexy Mexican Maid - Original Long Version","Red Hot Chili Peppers","Mother's Milk","","",""
"Not uploaded","Sexy Mexican Maid - Remastered 2003","Red Hot Chili Peppers","Mother's Milk","","",""
"Not uploaded","Shackler's Revenge","Guns N' Roses","Chinese Democracy","","",""
"Not uploaded","Shadow Of Your Love","Guns N' Roses","Appetite For Destruction (Super Deluxe Edition)","","",""
"Not uploaded","Shadow Of Your Love","Guns N' Roses","Shadow Of Your Love","","",""
"Not uploaded","Shadow Of Your Love","Guns N' Roses","Greatest Hits","","",""
"Not uploaded","Shadow Of Your Love - 1986 Sound City Session","Guns N' Roses","Appetite For Destruction (Super Deluxe Edition)","","",""
"Not uploaded","Shadow Of Your Love - Live","Guns N' Roses","Appetite For Destruction (Super Deluxe Edition)","","",""
"Not uploaded","Shallow Be Thy Game","Red Hot Chili Peppers","One Hot Minute (Deluxe Edition)","","",""
"Not uploaded","Shallow Be Thy Game","Red Hot Chili Peppers","One Hot Minute","","",""
"Not uploaded","Shallow Be Thy Game","Red Hot Chili Peppers","The Studio Album Collection 1991 - 2011","","",""
"Not uploaded","Shanti","The Edge Band","Alag","","",""
"Not uploaded","Shanti Ko Sandesh","The Edge Band","Vibes","","",""
"Not uploaded","Shape of You","Ed Sheeran","+-=÷× (Tour Collection: Live)","","",""
"Not uploaded","Shape of You","Ed Sheeran","+-=÷× (Tour Collection)","","",""
"Not uploaded","Shape of You","Ed Sheeran","songs I wrote that almost didn't make it","","",""
"Uploaded","Shape of You","Ed Sheeran","Divide ÷ (Deluxe)","public/songs/Ed Sheeran/Divide ÷ (Deluxe)/Shape of You.mp3","/songs/Ed%20Sheeran/Divide%20%C3%B7%20(Deluxe)/Shape%20of%20You.mp3","D:\vinyl-demo\public\songs\Ed Sheeran\Divide ÷ (Deluxe)\Shape of You.mp3"
"Not uploaded","Shape of You (Piano Version) - Original","","Shape of You (Piano Version) [Original]","","",""
"Not uploaded","Shape of You (Smooth piano cover version)","The Ed Sheeran piano cover smooth boys band","Shape of You (Smooth piano cover version)","","",""
"Not uploaded","Shape of You - Live","Ed Sheeran","+-=÷× (Tour Collection: Live)","","",""
"Not uploaded","She","Ed Sheeran","5","","",""
"Not uploaded","She Looks to Me","Red Hot Chili Peppers","Stadium Arcadium","","",""
"Not uploaded","She's Only 18","Red Hot Chili Peppers","Stadium Arcadium","","",""
"Not uploaded","She's a Lover","Red Hot Chili Peppers","Unlimited Love","","",""
"Not uploaded","Shirtsleeves","Ed Sheeran","x (10th Anniversary Edition)","","",""
"Not uploaded","Shirtsleeves","Ed Sheeran","x (Wembley Edition)","","",""
"Not uploaded","Shirtsleeves","Ed Sheeran","x (Deluxe Edition)","","",""
"Not uploaded","Shivers","Ed Sheeran","+-=÷× (Tour Collection: Live)","","",""
"Not uploaded","Shivers","Ed Sheeran","+-=÷× (Tour Collection)","","",""
"Not uploaded","Shivers","Ed Sheeran","= (Tour Edition)","","",""
"Not uploaded","Shivers","Ed Sheeran","=","","",""
"Not uploaded","Shivers - Live","Ed Sheeran","+-=÷× (Tour Collection: Live)","","",""
"Not uploaded","Shoot Me a Smile","Red Hot Chili Peppers","Return of the Dream Canteen","","",""
"Not uploaded","Shotgun Blues","Guns N' Roses","Use Your Illusion II","","",""
"Not uploaded","Shotgun Blues - 2022 Remaster","Guns N' Roses","Use Your Illusion II (Deluxe Edition)","","",""
"Not uploaded","Shotgun Blues - 2022 Remaster","Guns N' Roses","Use Your Illusion (Super Deluxe)","","",""
"Not uploaded","Show Me Your Soul","Red Hot Chili Peppers","What Hits!?","","",""
"Not uploaded","Shristi ra Dristi","Albatross","Atti Bhayo","","",""
"Not uploaded","Shunidinchau","The Edge Band","Alag","","",""
"Not uploaded","Shunya","Bartika Eam Rai","Taral","","",""
"Not uploaded","Si Ma Na","Bartika Eam Rai","Si Ma Na","","",""
"Not uploaded","Sick Love","Red Hot Chili Peppers","The Getaway","","",""
"Not uploaded","Sida Kura","Jamesy","P2P","","",""
"Not uploaded","Sidewalks (feat. Kendrick Lamar)","The Weeknd, Kendrick Lamar","Starboy (Deluxe)","","",""
"Not uploaded","Sidha Kura","Rockheads","Sidha Kura","","",""
"Not uploaded","Sifting","Nirvana","Bleach (Deluxe Edition)","","",""
"Not uploaded","Sifting","Nirvana","Bleach","","",""
"Not uploaded","Siiiiiiiiilver Surffffeeeeer Intermission","Kanye West","The Life Of Pablo","","",""
"Not uploaded","Simples das Antiga 2","Dj Thales Jql","Simples das Antiga 2","","",""
"Not uploaded","Simples das Antigas","Dj Thales Jql, MC Menor da VG","Simples das Antigas","","",""
"Not uploaded","Since I Don't Have You","Guns N' Roses","The Spaghetti Incident?","","",""
"Not uploaded","Since I Don't Have You","Guns N' Roses","Greatest Hits","","",""
"Not uploaded","Sing","Ed Sheeran","+-=÷× (Tour Collection: Live)","","",""
"Not uploaded","Sing","Ed Sheeran","+-=÷× (Tour Collection)","","",""
"Not uploaded","Sing","Ed Sheeran","x (10th Anniversary Edition)","","",""
"Not uploaded","Sing","Ed Sheeran","x (Wembley Edition)","","",""
"Not uploaded","Sing","Ed Sheeran","x (Deluxe Edition)","","",""
"Not uploaded","Sing - Live","Ed Sheeran","+-=÷× (Tour Collection: Live)","","",""
"Not uploaded","Sir Psycho Sexy","Red Hot Chili Peppers","Blood Sugar Sex Magik","","",""
"Not uploaded","Sir Psycho Sexy","Red Hot Chili Peppers","The Studio Album Collection 1991 - 2011","","",""
"Not uploaded","Six Feet Under","The Weeknd","Starboy (Deluxe)","","",""
"Not uploaded","Skinny Sweaty Man","Red Hot Chili Peppers","The Uplift Mofo Party Plan","","",""
"Not uploaded","Skit #1","Kanye West","Late Registration","","",""
"Not uploaded","Skit #2","Kanye West","Late Registration","","",""
"Not uploaded","Skit #3","Kanye West","Late Registration","","",""
"Not uploaded","Skit #4","Kanye West","Late Registration","","",""
"Not uploaded","Slash Solo - Live In New York, Ritz Theatre - May 16, 1991","Guns N' Roses","Use Your Illusion (Super Deluxe)","","",""
"Not uploaded","Slash Solo - Live In Paris, Hippodrome De Vincennes - June 6, 1992","Guns N' Roses","Use Your Illusion II (Deluxe Edition)","","",""
"Not uploaded","Slime You Out (feat. SZA)","Drake, SZA","For All The Dogs","","",""
"Not uploaded","Sliver","Nirvana","Incesticide","","",""
"Not uploaded","Sliver","Nirvana","Nirvana","","",""
"Not uploaded","Sliver - 1992/Live at Reading","Nirvana","Live at Reading","","",""
"Not uploaded","Sliver - Live & Loud","Nirvana","Live And Loud","","",""
"Not uploaded","Sliver - Live & Loud","Nirvana","In Utero (Super Deluxe Edition)","","",""
"Not uploaded","Sliver - Live At Del Mar B-Side","Nirvana","Nevermind (Super Deluxe Edition)","","",""
"Not uploaded","Sliver - Live At Del Mar B-Side","Nirvana","Nevermind (Deluxe Edition)","","",""
"Not uploaded","Sliver - Live At The Paramount/1991","Nirvana","Live At The Paramount","","",""
"Not uploaded","Sliver - Live In Amsterdam, Netherlands/1991","Nirvana","Nevermind (30th Anniversary Super Deluxe)","","",""
"Not uploaded","Sliver - Live In Del Mar, California/1991","Nirvana","Nevermind (30th Anniversary Super Deluxe)","","",""
"Not uploaded","Sliver - Live In Los Angeles, Great Western Forum - December 30, 1993","Nirvana","In Utero (30th Anniversary Super Deluxe)","","",""
"Not uploaded","Sliver - Live In Melbourne, Australia For Triple J/1992","Nirvana","Nevermind (30th Anniversary Super Deluxe)","","",""
"Not uploaded","Sliver - Live In Seattle, Seattle Center Arena - January 7, 1994","Nirvana","In Utero (30th Anniversary Super Deluxe)","","",""
"Not uploaded","Sliver - Live In Springfield, MA., November 10, 1993","Nirvana","From The Muddy Banks Of The Wishkah (Live)","","",""
"Not uploaded","Sliver - Solo Acoustic Demo","Nirvana","Sliver - The Best Of The Box","","",""
"Not uploaded","Sliver - Solo Acoustic Demo","Nirvana","With The Lights Out - Box Set","","",""
"Not uploaded","Slow Cheetah","Red Hot Chili Peppers","Stadium Arcadium","","",""
"Not uploaded","Slow Jamz","Twista, Kanye West, Jamie Foxx","The College Dropout","","",""
"Not uploaded","Slowly","Ed Sheeran","Play (Extended Edition)","","",""
"Not uploaded","Slowly","Ed Sheeran","Play","","",""
"Not uploaded","Slowly","Jamesy","Slowly","","",""
"Not uploaded","Slowly","Ed Sheeran","Play (Deluxe)","","",""
"Not uploaded","Small Bump","Ed Sheeran","+","","",""
"Not uploaded","Small Bump - Live at Wembley Stadium","Ed Sheeran","x (Wembley Edition)","","",""
"Not uploaded","Smells Like Teen Spirit","Nirvana","Nevermind (Super Deluxe Edition)","","",""
"Not uploaded","Smells Like Teen Spirit","Nirvana","Nevermind (Remastered)","","",""
"Not uploaded","Smells Like Teen Spirit","Nirvana","Nevermind (Deluxe Edition)","","",""
"Not uploaded","Smells Like Teen Spirit","Nirvana","Nirvana","","",""
"Not uploaded","Smells Like Teen Spirit - 1992/Live at Reading","Nirvana","Live at Reading","","",""
"Not uploaded","Smells Like Teen Spirit - Boombox Rehearsals","Nirvana","Nevermind (Super Deluxe Edition)","","",""
"Not uploaded","Smells Like Teen Spirit - Boombox Rehearsals","Nirvana","Nevermind (Deluxe Edition)","","",""
"Not uploaded","Smells Like Teen Spirit - Butch Vig Mix","Nirvana","With The Lights Out - Box Set","","",""
"Not uploaded","Smells Like Teen Spirit - Devonshire Mix","Nirvana","Nevermind (Super Deluxe Edition)","","",""
"Not uploaded","Smells Like Teen Spirit - Live At The Paramount/1991","Nirvana","Live At The Paramount","","",""
"Not uploaded","Smells Like Teen Spirit - Live In Amsterdam, Netherlands/1991","Nirvana","Nevermind (30th Anniversary Super Deluxe)","","",""
"Not uploaded","Smells Like Teen Spirit - Live In Del Mar, California/1991","Nirvana","Nevermind (30th Anniversary Super Deluxe)","","",""
"Not uploaded","Smells Like Teen Spirit - Live In Del Mar, California/1991","Nirvana","From The Muddy Banks Of The Wishkah (Live)","","",""
"Not uploaded","Smells Like Teen Spirit - Live In Los Angeles, Great Western Forum - December 30, 1993","Nirvana","In Utero (30th Anniversary Super Deluxe)","","",""
"Not uploaded","Smells Like Teen Spirit - Live In Seattle, Seattle Center Arena - January 7, 1994","Nirvana","In Utero (30th Anniversary Super Deluxe)","","",""
"Not uploaded","Smells Like Teen Spirit - Rehearsal Demo","Nirvana","Sliver - The Best Of The Box","","",""
"Not uploaded","Smells Like Teen Spirit - Rehearsal Demo","Nirvana","With The Lights Out - Box Set","","",""
"Not uploaded","Smells Like Teen Spirit - Remastered 2021","Nirvana","Nevermind (30th Anniversary Super Deluxe)","","",""
"Not uploaded","Smells Like Teen Spirit - Remastered 2021","Nirvana","Smells Like Teen Spirit / In Bloom / On A Plain / Lithium / Breed","","",""
"Uploaded","Smile","JAŸ-Z","4:44","public/songs/JAŸ-Z/4_44/Smile.mp3","/songs/JA%C5%B8-Z/4_44/Smile.mp3","D:\vinyl-demo\public\songs\JAŸ-Z\4_44\Smile.mp3"
"Not uploaded","Snow (Hey Oh)","Red Hot Chili Peppers","Stadium Arcadium","","",""
"Not uploaded","Snow (Hey Oh)","Red Hot Chili Peppers","Snow (Hey Oh)","","",""
"Not uploaded","So","Ed Sheeran","5","","",""
"Not uploaded","So Appalled","Kanye West, JAŸ-Z, Pusha T, CyHi, Swizz Beatz, RZA","My Beautiful Dark Twisted Fantasy","","",""
"Not uploaded","So Cavu","Dj Thales Jql","A Revolta do Jql","","",""
"Not uploaded","So Fine","Guns N' Roses","Use Your Illusion II","","",""
"Not uploaded","So Fine - 2022 Remaster","Guns N' Roses","Use Your Illusion II (Deluxe Edition)","","",""
"Not uploaded","So Fine - 2022 Remaster","Guns N' Roses","Use Your Illusion (Super Deluxe)","","",""
"Not uploaded","So Fine - Live In Las Vegas, Thomas & Mack Center - January 25, 1992","Guns N' Roses","Use Your Illusion II (Deluxe Edition)","","",""
"Not uploaded","So High","Chirag Khadka","Cosmic Soul","","",""
"Not uploaded","So Long, London","Taylor Swift","THE TORTURED POETS DEPARTMENT: THE ANTHOLOGY","","",""
"Not uploaded","So Many Tears","","So Many Tears","","",""
"Not uploaded","So Much I","Red Hot Chili Peppers","Stadium Arcadium","","",""
"Not uploaded","Sochchau K Mero Bare?","Bartika Eam Rai","Aandhii, Ityaadi","","",""
"Not uploaded","Sofa","Ed Sheeran","5","","",""
"Not uploaded","Sofa","Ed Sheeran","Loose Change","","",""
"Not uploaded","Somebody Else","Sajjan Raj Vaidya","Somebody Else","","",""
"Not uploaded","Something In The Way","Nirvana","Nevermind (Super Deluxe Edition)","","",""
"Not uploaded","Something In The Way","Nirvana","Nevermind (Remastered)","","",""
"Not uploaded","Something In The Way","Nirvana","Nevermind (Deluxe Edition)","","",""
"Not uploaded","Something In The Way - Boombox Rehearsals","Nirvana","Nevermind (Super Deluxe Edition)","","",""
"Not uploaded","Something In The Way - Boombox Rehearsals","Nirvana","Nevermind (Deluxe Edition)","","",""
"Not uploaded","Something In The Way - Live","Nirvana","MTV Unplugged In New York (25th Anniversary)","","",""
"Not uploaded","Something In The Way - Live","Nirvana","MTV Unplugged In New York","","",""
"Not uploaded","Something In The Way - Live At The BBC","Nirvana","Nevermind (Super Deluxe Edition)","","",""
"Not uploaded","Something In The Way - Live At The BBC","Nirvana","Nevermind (Deluxe Edition)","","",""
"Not uploaded","Something In The Way - Remastered 2021","Nirvana","Nevermind (30th Anniversary Super Deluxe)","","",""
"Not uploaded","Son Of A Gun - BBC John Peel Session 1990","Nirvana","Incesticide","","",""
"Not uploaded","Song 2 You","","","","",""
"Not uploaded","Song That Made Us What We Are Today - Demo","Red Hot Chili Peppers","Mother's Milk","","",""
"Not uploaded","Sorry","Guns N' Roses","Chinese Democracy","","",""
"Not uploaded","Soulful Street House Beat","Dj khalipha","Soulful Street House Beat","","",""
"Not uploaded","Spaceship","Kanye West, GLC, Consequence","The College Dropout","","",""
"Not uploaded","Spank Thru (Live at Pine Street Theatre)","Nirvana","Bleach (Deluxe Edition)","","",""
"Not uploaded","Spank Thru - 1985 Fecal Matter Demo","Nirvana","Sliver - The Best Of The Box","","",""
"Not uploaded","Spank Thru - 1992/Live at Reading","Nirvana","Live at Reading","","",""
"Not uploaded","Spank Thru - Live In Rome, Italy, November 19, 1991","Nirvana","From The Muddy Banks Of The Wishkah (Live)","","",""
"Not uploaded","Spark","Ed Sheeran","- (Deluxe)","","",""
"Not uploaded","Sparsha Sangeet","Purna Rai","Sparsha Sangeet","","",""
"Not uploaded","Sparsha Sangeet - Raw","Purna Rai","Sparsha Sangeet (Raw)","","",""
"Not uploaded","Speak Softly, Love (Love Theme From The Godfather) - Live In Paris, Hippodrome De Vincennes - June 6, 1992","Guns N' Roses","Use Your Illusion II (Deluxe Edition)","","",""
"Not uploaded","Special Secret Song Inside","Red Hot Chili Peppers","The Uplift Mofo Party Plan","","",""
"Not uploaded","Speed","Chirag Khadka","Speed","","",""
"Not uploaded","Spiritual Mara Dance Beat 2.0","Dj khalipha","Spiritual Mara Dance Beat 2.0","","",""
"Not uploaded","Spring","Ed Sheeran","Autumn Variations (Fan Living Room Sessions)","","",""
"Not uploaded","Spring","Ed Sheeran","Autumn Variations","","",""
"Not uploaded","Spring - Live from Emily’s Living Room","Ed Sheeran","Autumn Variations (Fan Living Room Sessions)","","",""
"Not uploaded","Stadium Arcadium","Red Hot Chili Peppers","Stadium Arcadium","","",""
"Not uploaded","Stain","Nirvana","Incesticide","","",""
"Not uploaded","Stand United","French Montana, Kanye West, SAINt JHN, Buju Banton","Stand United","","",""
"Not uploaded","Starboy (feat. Daft Punk)","The Weeknd, Daft Punk","Starboy (Deluxe)","","",""
"Not uploaded","Stargirl Interlude (feat. Lana Del Rey)","The Weeknd, Lana Del Rey","Starboy (Deluxe)","","",""
"Not uploaded","Stay Away","Nirvana","Nevermind (Super Deluxe Edition)","","",""
"Not uploaded","Stay Away","Nirvana","Nevermind (Remastered)","","",""
"Not uploaded","Stay Away","Nirvana","Nevermind (Deluxe Edition)","","",""
"Not uploaded","Stay Away - 1992/Live at Reading","Nirvana","Live at Reading","","",""
"Not uploaded","Stay Away - Devonshire Mix","Nirvana","Nevermind (Super Deluxe Edition)","","",""
"Not uploaded","Stay Away - Remastered 2021","Nirvana","Nevermind (30th Anniversary Super Deluxe)","","",""
"Not uploaded","Steppers Mara Beat","Dj khalipha","Steppers Mara Beat","","",""
"Not uploaded","Still Dream","Garima Gurung Shah","Chiso Ashtray (Original Motion Picture Soundtrack)","","",""
"Not uploaded","Stone Cold Bush - Remastered 2003","Red Hot Chili Peppers","Mother's Milk","","",""
"Not uploaded","Stoned - Bonus Track","Ed Sheeran","- (Deluxe)","","",""
"Not uploaded","Stoner Life","Chirag Khadka","Stoner Life","","",""
"Not uploaded","Stop The Rain","Ed Sheeran","= (Tour Edition)","","",""
"Not uploaded","Stop The Rain","Ed Sheeran","=","","",""
"Not uploaded","Storm in a Teacup","Red Hot Chili Peppers","Stadium Arcadium","","",""
"Not uploaded","Street Lights","Kanye West","808s & Heartbreak","","",""
"Not uploaded","Street Of Dreams","Guns N' Roses","Chinese Democracy","","",""
"Not uploaded","Street Sound Mara Beat","Dj khalipha","Limitless","","",""
"Not uploaded","Stretch You Out - 2006 Remaster","Red Hot Chili Peppers","One Hot Minute (Deluxe Edition)","","",""
"Not uploaded","Strip My Mind","Red Hot Chili Peppers","Stadium Arcadium","","",""
"Not uploaded","Stronger","Kanye West","Graduation","","",""
"Not uploaded","Subterranean Homesick Blues","Red Hot Chili Peppers","The Uplift Mofo Party Plan","","",""
"Not uploaded","Subway To Venus - Remastered 2003","Red Hot Chili Peppers","Mother's Milk","","",""
"Not uploaded","Suchana Suchana Suchana","Albatross","Suchana Suchana Suchana","","",""
"Not uploaded","Suchana! Suchana!! Suchana!!!","Albatross","Raat Ko Rani","","",""
"Not uploaded","Suck My Kiss","Red Hot Chili Peppers","Blood Sugar Sex Magik","","",""
"Not uploaded","Suck My Kiss","Red Hot Chili Peppers","The Studio Album Collection 1991 - 2011","","",""
"Not uploaded","Suck My Kiss","Red Hot Chili Peppers","Greatest Hits","","",""
"Not uploaded","Suffragette City - Live; 2012 Remaster","Red Hot Chili Peppers","Rock & Roll Hall of Fame Covers - EP","","",""
"Not uploaded","Sukumbaasi","Sajjan Raj Vaidya","Parkhaai","","",""
"Not uploaded","Sukumbaasi","Sajjan Raj Vaidya","Sukumbaasi","","",""
"Not uploaded","Suna Kaanchi","Sajjan Raj Vaidya","Aaja Matra","","",""
"Not uploaded","Suna Kaanchi","Sajjan Raj Vaidya","Suna Kaanchi","","",""
"Not uploaded","Sunburn","Ed Sheeran","5","","",""
"Not uploaded","Sunburn - Deluxe Edition","Ed Sheeran","+","","",""
"Not uploaded","Sundarta Ko Timi","Sabin Rai","Sataha","","",""
"Not uploaded","Sunyata","Tribal Rain","Roka Yo Samay","","",""
"Not uploaded","Supa Ties (feat. DJ Khaled & Raw Youngin)","AAP Deno, DJ Khaled, Raw Youngin","Supa Ties (feat. DJ Khaled & Raw Youngin)","","",""
"Not uploaded","Supermarket Flowers","Ed Sheeran","Divide ÷ (Deluxe)","","",""
"Not uploaded","Suru Bho Checking","Chirag Khadka","Cosmic Soul","","",""
"Not uploaded","Suseli Gagan","Oasis Thapa","Suseli Gagan","","",""
"Not uploaded","Swap Meet","Nirvana","Bleach (Deluxe Edition)","","",""
"Not uploaded","Swap Meet","Nirvana","Bleach","","",""
"Not uploaded","Swarga","Purna Rai","Swarga","","",""
"Not uploaded","Swarga","Tribal Rain","Swarga","","",""
"Not uploaded","Sweet Child O' Mine","Guns N' Roses","Appetite For Destruction (Super Deluxe Edition)","","",""
"Not uploaded","Sweet Child O' Mine","Guns N' Roses","Appetite For Destruction","","",""
"Not uploaded","Sweet Child O' Mine","Guns N' Roses","Greatest Hits","","",""
"Not uploaded","Sweet Child O' Mine - Live","Guns N' Roses","Live Era '87-'93 (Live - Deluxe Edition)","","",""
"Not uploaded","Sweet Child O' Mine - Live In New York, Ritz Theatre - May 16, 1991","Guns N' Roses","Use Your Illusion (Super Deluxe)","","",""
"Not uploaded","Sweet Child O' Mine - Live In Paris / 1992","Guns N' Roses","Live Era '87-'93","","",""
"Not uploaded","Sycamore","Ed Sheeran","- (Deluxe)","","",""
"Not uploaded","Symmetry","Ed Sheeran","Play (Extended Edition)","","",""
"Not uploaded","Symmetry","Ed Sheeran","Play","","",""
"Not uploaded","Symmetry","Ed Sheeran","Play (Deluxe)","","",""
"Not uploaded","Sympathy For The Devil","Guns N' Roses","Greatest Hits","","",""
"Not uploaded","TAALI","Jamesy","TAALI","","",""
"Not uploaded","TALKING","¥$, Kanye West, Ty Dolla $ign","VULTURES 1","","",""
"Not uploaded","TALKING","¥$, Kanye West, Ty Dolla $ign, North West","TALKING","","",""
"Not uploaded","TEACHER","Jamesy, Rigden Nadik","SELFMADE","","",""
"Not uploaded","THANKFUL (feat. Lil Wayne & Jeremih)","DJ Khaled, Lil Wayne, Jeremih","THANKFUL (feat. Lil Wayne & Jeremih)","","",""
"Not uploaded","THARI THARI","Jamesy","RISKTAPE","","",""
"Not uploaded","THARI THARI","Jamesy","THARI THARI","","",""
"Not uploaded","THE DINER","Billie Eilish","HIT ME HARD AND SOFT","","",""
"Not uploaded","THE GREATEST","Billie Eilish","HIT ME HARD AND SOFT","","",""
"Not uploaded","THIRD WORLD","Jamesy","THIRD WORLD","","",""
"Not uploaded","THIS IS MY YEAR (feat. A Boogie Wit Da Hoodie, Big Sean, Rick Ross & Puff Daddy)","DJ Khaled, Big Sean, Rick Ross, A Boogie Wit da Hoodie, Diddy","THIS IS MY YEAR (feat. A Boogie Wit Da Hoodie, Big Sean, Rick Ross & Puff Daddy)","","",""
"Not uploaded","THULDAI","Jamesy","THULDAI","","",""
"Not uploaded","TIME MOVING SLOW","¥$, Kanye West, Ty Dolla $ign","VULTURES 2","","",""
"Not uploaded","TIMI BINA","Jamesy","SELFMADE","","",""
"Not uploaded","TIMI NAI","Jamesy, Lil Lakhey","SELFMADE","","",""
"Not uploaded","TOO EASY","DONDA, Kanye West, Ye","DONDA 2","","",""
"Not uploaded","TOP SHOTTA","Jamesy, Iamgolay","TOP SHOTTA","","",""
"Not uploaded","TRUE LOVE","DONDA, Kanye West, Ye","DONDA 2","","",""
"Not uploaded","Ta Cansado de Ouvir Isso","Dj Thales Jql, Dj Adrien Martins","Ta Cansado de Ouvir Isso","","",""
"Not uploaded","Ta Chegando Final do Ano","Dj Thales Jql","Barulho Jql","","",""
"Not uploaded","Taadhaa","Bartika Eam Rai","Aandhii, Ityaadi","","",""
"Not uploaded","Tabahi","Sushant KC, Yashaswi Khadka, Asmick Khawash","Tabahi","","",""
"Not uploaded","Take It Back","Ed Sheeran","x (10th Anniversary Edition)","","",""
"Not uploaded","Take It Back","Ed Sheeran","x (Wembley Edition)","","",""
"Not uploaded","Take It Back","Ed Sheeran","x (Deluxe Edition)","","",""
"Not uploaded","Take Me Back to London (feat. Stormzy)","Ed Sheeran, Stormzy","No.6 Collaborations Project","","",""
"Not uploaded","Take My Breath - Live","The Weeknd","Live At SoFi Stadium","","",""
"Not uploaded","Tangelo","Red Hot Chili Peppers","Unlimited Love","","",""
"Not uploaded","Tara Chadee Gayau","AXIX","Black and White","","",""
"Not uploaded","Taral","Bartika Eam Rai","Taral","","",""
"Not uploaded","Taste The Pain","Red Hot Chili Peppers","What Hits!?","","",""
"Not uploaded","Taste The Pain - Remastered 2003","Red Hot Chili Peppers","Mother's Milk","","",""
"Not uploaded","Tear","Red Hot Chili Peppers","By the Way (Deluxe Edition)","","",""
"Not uploaded","Tear","Red Hot Chili Peppers","By the Way","","",""
"Not uploaded","Tearjerker","Red Hot Chili Peppers","One Hot Minute (Deluxe Edition)","","",""
"Not uploaded","Tearjerker","Red Hot Chili Peppers","One Hot Minute","","",""
"Not uploaded","Tearjerker","Red Hot Chili Peppers","The Studio Album Collection 1991 - 2011","","",""
"Not uploaded","Teenpatey","Sujan Chapagain, ArtMandu","Teenpatey","","",""
"Not uploaded","Teenpatey - Dekhera Timi Lai","ArtMandu, Sujan Chapagain, Bidhya Tiwari","Teenpatey","","",""
"Not uploaded","Teenpatey - Radio Edit","Sujan Chapagain, ArtMandu, Bidhya Tiwari","Teenpatey","","",""
"Not uploaded","Tell Me Baby","Red Hot Chili Peppers","Stadium Arcadium","","",""
"Not uploaded","Tell Me Baby","Red Hot Chili Peppers","Tell Me Baby","","",""
"Not uploaded","Tell The Vision","Kanye West","Donda (Deluxe)","","",""
"Not uploaded","Tell The Vision","Kanye West","Donda","","",""
"Not uploaded","Tendencia","Were, Dj Khala","Tendencia","","",""
"Not uploaded","Tenerife Sea","Ed Sheeran","+-=÷× (Tour Collection: Live)","","",""
"Not uploaded","Tenerife Sea","Ed Sheeran","+-=÷× (Tour Collection)","","",""
"Not uploaded","Tenerife Sea","Ed Sheeran","x (10th Anniversary Edition)","","",""
"Not uploaded","Tenerife Sea","Ed Sheeran","x (Wembley Edition)","","",""
"Not uploaded","Tenerife Sea","Ed Sheeran","x (Deluxe Edition)","","",""
"Not uploaded","Tenerife Sea","Ed Sheeran","kiss me under the light of a thousand stars","","",""
"Not uploaded","Tenerife Sea - Live","Ed Sheeran","+-=÷× (Tour Collection: Live)","","",""
"Not uploaded","Territorial Pissings","Nirvana","Nevermind (Super Deluxe Edition)","","",""
"Not uploaded","Territorial Pissings","Nirvana","Nevermind (Remastered)","","",""
"Not uploaded","Territorial Pissings","Nirvana","Nevermind (Deluxe Edition)","","",""
"Not uploaded","Territorial Pissings - 1992/Live at Reading","Nirvana","Live at Reading","","",""
"Not uploaded","Territorial Pissings - Boombox Rehearsals","Nirvana","Nevermind (Super Deluxe Edition)","","",""
"Not uploaded","Territorial Pissings - Boombox Rehearsals","Nirvana","Nevermind (Deluxe Edition)","","",""
"Not uploaded","Territorial Pissings - Devonshire Mix","Nirvana","Nevermind (Super Deluxe Edition)","","",""
"Not uploaded","Territorial Pissings - Live At The Paramount/1991","Nirvana","Live At The Paramount","","",""
"Not uploaded","Territorial Pissings - Live In Amsterdam, Netherlands/1991","Nirvana","Nevermind (30th Anniversary Super Deluxe)","","",""
"Not uploaded","Territorial Pissings - Live In Del Mar, California/1991","Nirvana","Nevermind (30th Anniversary Super Deluxe)","","",""
"Not uploaded","Territorial Pissings - Live In Los Angeles, Great Western Forum - December 30, 1993","Nirvana","In Utero (30th Anniversary Super Deluxe)","","",""
"Not uploaded","Territorial Pissings - Remastered 2021","Nirvana","Nevermind (30th Anniversary Super Deluxe)","","",""
"Not uploaded","Thaha Chaina","The Edge Band","Vibes","","",""
"Not uploaded","Thaha Chaina","The Edge Band","Mero Prayas","","",""
"Not uploaded","Thamana Haat","Samir Shrestha","Thamana Haat","","",""
"Not uploaded","Thamana Haat","Samir Shrestha, Foeseal, Garage Music","Thamana Haat","","",""
"Not uploaded","Thank You (feat. Big Sean)","DJ Khaled, Big Sean","Father Of Asahd","","",""
"Uploaded","That's My Bitch","JAŸ-Z, Kanye West","Watch The Throne (Deluxe)","public/songs/JAŸ-Z/Watch The Throne (Deluxe)/That's My Bitch.mp3","/songs/JA%C5%B8-Z/Watch%20The%20Throne%20(Deluxe)/That's%20My%20Bitch.mp3","D:\vinyl-demo\public\songs\JAŸ-Z\Watch The Throne (Deluxe)\That's My Bitch.mp3"
"Not uploaded","That’s On Me","Ed Sheeran","Autumn Variations (Fan Living Room Sessions)","","",""
"Not uploaded","That’s On Me","Ed Sheeran","Autumn Variations","","",""
"Not uploaded","That’s On Me - Live from Narine’s Living Room","Ed Sheeran","Autumn Variations (Fan Living Room Sessions)","","",""
"Not uploaded","The A Team","Ed Sheeran","+-=÷× (Tour Collection: Live)","","",""
"Not uploaded","The A Team","Ed Sheeran","+-=÷× (Tour Collection)","","",""
"Not uploaded","The A Team","Ed Sheeran","+","","",""
"Not uploaded","The A Team - Live","Ed Sheeran","+-=÷× (Tour Collection: Live)","","",""
"Not uploaded","The A Team - Live at the Bedford","Ed Sheeran","5","","",""
"Not uploaded","The A Team - Live at the Bedford","Ed Sheeran","Live at the Bedford","","",""
"Not uploaded","The Adventures of Rain Dance Maggie","Red Hot Chili Peppers","I'm with You","","",""
"Not uploaded","The Brother's Cup","Red Hot Chili Peppers","What Hits!?","","",""
"Not uploaded","The Brothers Cup - Remastered","Red Hot Chili Peppers","Freaky Styley","","",""
"Not uploaded","The City","Ed Sheeran","5","","",""
"Not uploaded","The City","Ed Sheeran","+","","",""
"Not uploaded","The City - Live at Sticky Studios; Loose Change EP","Ed Sheeran","5","","",""
"Not uploaded","The City - Live at Sticky Studios; Loose Change EP","Ed Sheeran","Loose Change","","",""
"Not uploaded","The City - Live at the Bedford","Ed Sheeran","5","","",""
"Not uploaded","The City - Live at the Bedford","Ed Sheeran","Live at the Bedford","","",""
"Not uploaded","The Day I Was Born","Ed Sheeran","Autumn Variations (Fan Living Room Sessions)","","",""
"Not uploaded","The Day I Was Born","Ed Sheeran","Autumn Variations","","",""
"Not uploaded","The Day I Was Born - Live from Danielle’s Living Room","Ed Sheeran","Autumn Variations (Fan Living Room Sessions)","","",""
"Not uploaded","The Drummer","Red Hot Chili Peppers","Return of the Dream Canteen","","",""
"Not uploaded","The Fate of Ophelia","Taylor Swift","The Life of a Showgirl","","",""
"Not uploaded","The Fate of Ophelia","Taylor Swift","The Life of a Showgirl (Track by Track Version)","","",""
"Not uploaded","The Fate of Ophelia","Taylor Swift","The Life of a Showgirl + Acoustic Collection","","",""
"Not uploaded","The Fate of Ophelia - Track by Track","Taylor Swift","The Life of a Showgirl (Track by Track Version)","","",""
"Not uploaded","The Garden","Guns N' Roses","Use Your Illusion I","","",""
"Not uploaded","The Garden - 2022 Remaster","Guns N' Roses","Use Your Illusion I (Deluxe Edition)","","",""
"Not uploaded","The Garden - 2022 Remaster","Guns N' Roses","Use Your Illusion (Super Deluxe)","","",""
"Not uploaded","The General","Guns N' Roses","The General","","",""
"Not uploaded","The Getaway","Red Hot Chili Peppers","The Getaway","","",""
"Not uploaded","The Getaway","Red Hot Chili Peppers","The Getaway","","",""
"Not uploaded","The Glory","Kanye West","Graduation","","",""
"Not uploaded","The Great Apes","Red Hot Chili Peppers","Unlimited Love","","",""
"Not uploaded","The Greeting Song","Red Hot Chili Peppers","Blood Sugar Sex Magik","","",""
"Not uploaded","The Greeting Song","Red Hot Chili Peppers","The Studio Album Collection 1991 - 2011","","",""
"Not uploaded","The Heavy Wing","Red Hot Chili Peppers","Unlimited Love","","",""
"Not uploaded","The Hills - Live","The Weeknd","Live At SoFi Stadium","","",""
"Not uploaded","The Hills of Aberfeldy","Ed Sheeran","- (Deluxe)","","",""
"Not uploaded","The Hills of Aberfeldy","Ed Sheeran","songs I wrote that almost didn't make it","","",""
"Not uploaded","The Horbbit Mara Beat","Dj khalipha","The Horbbit Mara Beat","","",""
"Not uploaded","The Hunter","Red Hot Chili Peppers","The Getaway","","",""
"Not uploaded","The Joker And The Queen","Ed Sheeran","= (Tour Edition)","","",""
"Not uploaded","The Joker And The Queen","Ed Sheeran","=","","",""
"Not uploaded","The Joker And The Queen (feat. Taylor Swift)","Ed Sheeran, Taylor Swift","= (Tour Edition)","","",""
"Uploaded","The Joy","JAŸ-Z, Kanye West, Curtis Mayfield","Watch The Throne (Deluxe)","public/songs/JAŸ-Z/Watch The Throne (Deluxe)/The Joy.mp3","/songs/JA%C5%B8-Z/Watch%20The%20Throne%20(Deluxe)/The%20Joy.mp3","D:\vinyl-demo\public\songs\JAŸ-Z\Watch The Throne (Deluxe)\The Joy.mp3"
"Not uploaded","The Life of a Showgirl Intro","Taylor Swift","The Life of a Showgirl (Track by Track Version)","","",""
"Not uploaded","The Longest Wave","Red Hot Chili Peppers","The Getaway","","",""
"Not uploaded","The Man","Ed Sheeran","x (10th Anniversary Edition)","","",""
"Not uploaded","The Man","Ed Sheeran","x (Wembley Edition)","","",""
"Not uploaded","The Man","Ed Sheeran","x (Deluxe Edition)","","",""
"Not uploaded","The Man Who Sold The World - Live","Nirvana","MTV Unplugged In New York (25th Anniversary)","","",""
"Not uploaded","The Man Who Sold The World - Live","Nirvana","MTV Unplugged In New York","","",""
"Not uploaded","The Man Who Sold The World - Live","Nirvana","Nirvana","","",""
"Not uploaded","The Man Who Sold The World - Live & Loud","Nirvana","Live And Loud","","",""
"Not uploaded","The Man Who Sold The World - Live In Los Angeles, Great Western Forum - December 30, 1993","Nirvana","In Utero (30th Anniversary Super Deluxe)","","",""
"Not uploaded","The Man Who Sold The World - Rehearsal","Nirvana","MTV Unplugged In New York (25th Anniversary)","","",""
"Not uploaded","The Money Will Roll Right In - 1992/Live at Reading","Nirvana","Live at Reading","","",""
"Not uploaded","The Movement Skit","DJ Khaled","We The Best","","",""
"Not uploaded","The New Workout Plan","Kanye West","The College Dropout","","",""
"Not uploaded","The Night Mara Beat","Dj khalipha","The Night Mara Beat","","",""
"Not uploaded","The Originators","DJ Khaled","We The Best","","",""
"Not uploaded","The Plague - 1986 Sound City Session","Guns N' Roses","Appetite For Destruction (Super Deluxe Edition)","","",""
"Not uploaded","The Power of Equality","Red Hot Chili Peppers","Blood Sugar Sex Magik","","",""
"Not uploaded","The Power of Equality","Red Hot Chili Peppers","The Studio Album Collection 1991 - 2011","","",""
"Not uploaded","The Righteous & the Wicked","Red Hot Chili Peppers","Blood Sugar Sex Magik","","",""
"Not uploaded","The Righteous & the Wicked","Red Hot Chili Peppers","The Studio Album Collection 1991 - 2011","","",""
"Not uploaded","The Shape I'm Takin'","Red Hot Chili Peppers","The Shape I'm Takin'","","",""
"Uploaded","The Story of O.J","JAŸ-Z","4:44","public/songs/JAŸ-Z/4_44/The Story of O.J.mp3","/songs/JA%C5%B8-Z/4_44/The%20Story%20of%20O.J.mp3","D:\vinyl-demo\public\songs\JAŸ-Z\4_44\The Story of O.J.mp3"
"Not uploaded","The Sunset Sleeps","Red Hot Chili Peppers","The Sunset Sleeps / Hometown Gypsy","","",""
"Not uploaded","The Tortured Poets Department","Taylor Swift","THE TORTURED POETS DEPARTMENT: THE ANTHOLOGY","","",""
"Not uploaded","The Vow","Ed Sheeran","Play (Extended Edition)","","",""
"Not uploaded","The Vow","Ed Sheeran","Play","","",""
"Not uploaded","The Woolen Sweater - Oon ko Sweater","Sujan Chapagain, ArtMandu","The Woolen Sweater (Oon ko Sweater)","","",""
"Not uploaded","The Zephyr Song","Red Hot Chili Peppers","By the Way (Deluxe Edition)","","",""
"Not uploaded","The Zephyr Song","Red Hot Chili Peppers","By the Way","","",""
"Not uploaded","There Was A Time","Guns N' Roses","Chinese Democracy","","",""
"Not uploaded","These Are the Ways","Red Hot Chili Peppers","Unlimited Love","","",""
"Not uploaded","They Hung Him On A Cross - Demo","Nirvana","With The Lights Out - Box Set","","",""
"Not uploaded","They're Red Hot","Red Hot Chili Peppers","Blood Sugar Sex Magik","","",""
"Not uploaded","They're Red Hot","Red Hot Chili Peppers","The Studio Album Collection 1991 - 2011","","",""
"Not uploaded","Thik","Sushant KC, Bluesss","Thik","","",""
"Not uploaded","Think About You","Guns N' Roses","Appetite For Destruction (Super Deluxe Edition)","","",""
"Not uploaded","Think About You","Guns N' Roses","Appetite For Destruction","","",""
"Not uploaded","Think About You - 1986 Sound City Session","Guns N' Roses","Appetite For Destruction (Super Deluxe Edition)","","",""
"Not uploaded","Thinking Out Loud","Ed Sheeran","kiss me under the light of a thousand stars","","",""
"Not uploaded","Thinking Out Loud","Ed Sheeran","songs I wrote that almost didn't make it","","",""
"Not uploaded","Thinking out Loud","Ed Sheeran","+-=÷× (Tour Collection: Live)","","",""
"Not uploaded","Thinking out Loud","Ed Sheeran","+-=÷× (Tour Collection)","","",""
"Not uploaded","Thinking out Loud","Ed Sheeran","x (10th Anniversary Edition)","","",""
"Not uploaded","Thinking out Loud","Ed Sheeran","x (Wembley Edition)","","",""
"Not uploaded","Thinking out Loud","Ed Sheeran","x (Deluxe Edition)","","",""
"Not uploaded","Thinking out Loud","","Down on My Knees","","",""
"Not uploaded","Thinking out Loud (Smooth piano cover version)","The Ed Sheeran piano cover smooth boys band","Thinking out Loud (Smooth piano cover version)","","",""
"Not uploaded","Thinking out Loud - Live","Ed Sheeran","+-=÷× (Tour Collection: Live)","","",""
"Not uploaded","Thirty Dirty Birds - Remastered","Red Hot Chili Peppers","Freaky Styley","","",""
"Not uploaded","This","Ed Sheeran","+","","",""
"Not uploaded","This I Love","Guns N' Roses","Chinese Democracy","","",""
"Not uploaded","This Is 555","Chirag Khadka","Cosmic Soul","","",""
"Not uploaded","This Is the Kitt","Red Hot Chili Peppers","This Is the Kitt / Brave from Afar","","",""
"Not uploaded","This Is the Place","Red Hot Chili Peppers","By the Way (Deluxe Edition)","","",""
"Not uploaded","This Is the Place","Red Hot Chili Peppers","By the Way","","",""
"Not uploaded","This Is the Place","Red Hot Chili Peppers","The Studio Album Collection 1991 - 2011","","",""
"Not uploaded","This Ticonderoga","Red Hot Chili Peppers","The Getaway","","",""
"Not uploaded","This Velvet Glove","Red Hot Chili Peppers","Californication (Deluxe Edition)","","",""
"Not uploaded","This Velvet Glove","Red Hot Chili Peppers","Californication","","",""
"Not uploaded","This Velvet Glove","Red Hot Chili Peppers","The Studio Album Collection 1991 - 2011","","",""
"Not uploaded","Through The Wire","Kanye West","The College Dropout","","",""
"Not uploaded","Through The Wire - Live At Abbey Road Studios","Kanye West","Late Orchestration","","",""
"Not uploaded","Throw Away Your Television","Red Hot Chili Peppers","By the Way (Deluxe Edition)","","",""
"Not uploaded","Throw Away Your Television","Red Hot Chili Peppers","By the Way","","",""
"Not uploaded","Tick Tick","DJ Bishow, Feylon Grey","Tick Tick","","",""
"Not uploaded","Tides","Ed Sheeran","= (Tour Edition)","","",""
"Not uploaded","Tides","Ed Sheeran","=","","",""
"Not uploaded","Tides - Live","Ed Sheeran","+-=÷× (Tour Collection: Live)","","",""
"Not uploaded","Timi Bhane","Albatross","Jo Jas Sanga Sambandhit Chha","","",""
"Not uploaded","Timi Bhane - Acoustic","Albatross","Barahsinghe Acoustic Sessions","","",""
"Not uploaded","Timi Bhayera","Akash Khadka, Samir Shrestha","Timi Bhayera","","",""
"Not uploaded","Timi Bhayera","Akash Khadka, Samir Shrestha","Timi Bhayera","","",""
"Not uploaded","Timi Nabhai Nahuney (Raw Demo)","Samir Shrestha","Timi Nabhai Nahuney (Raw Demo)","","",""
"Not uploaded","Timi Nai Hau","Sabin Rai","Sataha","","",""
"Not uploaded","Timi Pheri Aauna","AXIX","Black and White","","",""
"Not uploaded","Timi Ra Ma","Oasis Thapa","Timi Ra Ma","","",""
"Not uploaded","Timi Ra, Ma","Bartika Eam Rai","Bimbaakash","","",""
"Uploaded","Timi Snaga","Lokesh Thapa","","public/songs/Lokesh Thapa/Timi Snaga.mp3","/songs/Lokesh%20Thapa/Timi%20Snaga.mp3","D:\vinyl-demo\public\songs\Lokesh Thapa\Timi Snaga.mp3"
"Not uploaded","Timile","Sushant KC","Maya Ma (2018 Compilation)","","",""
"Not uploaded","Timiley","Samir Shrestha","Timiley","","",""
"Not uploaded","Timro Jeet","The Edge Band","Alag","","",""
"Not uploaded","Timro Lagi Ma","Sabin Rai","Rangamanch Ko Rang","","",""
"Not uploaded","Timro Maya","Sushant KC","Timro Maya","","",""
"Not uploaded","Timro Mood","DJ Bishow, YABI The G.O.A.T, Chirag Khadka","Timro Mood","","",""
"Not uploaded","Timro Yaad","The Edge Band","Gantabya","","",""
"Not uploaded","Tipo um Bufallo","Dj Thales Jql, Mc Menorzinho da VS","Tipo um Bufallo","","",""
"Not uploaded","Tippa My Tongue","Red Hot Chili Peppers","Return of the Dream Canteen","","",""
"Not uploaded","Tippa My Tongue","Red Hot Chili Peppers","Eddie","","",""
"Not uploaded","Tippa My Tongue","Red Hot Chili Peppers","Tippa My Tongue","","",""
"Not uploaded","To Cansado de Ouvir Isso 2 - Special Version","Dj Thales Jql","To Cansado de Ouvir Isso 2 (Special Version)","","",""
"Not uploaded","To The Top","YUNG TAMU, HotFix, Jamesy","To The Top","","",""
"Not uploaded","Token Eastern Song - Demo","Nirvana","With The Lights Out - Box Set","","",""
"Not uploaded","Toma pau da Tropa","Dj Thales Jql","Ritmo do Jql","","",""
"Not uploaded","Top Off (feat. JAY Z, Future & Beyoncé)","DJ Khaled, JAŸ-Z, Future, Beyoncé","Father Of Asahd","","",""
"Not uploaded","Topendra, Pt. 2","Chirag Khadka","Topendra, Pt. 2","","",""
"Not uploaded","Torture Me","Red Hot Chili Peppers","Stadium Arcadium","","",""
"Not uploaded","Touch The Sky","Kanye West, Lupe Fiasco","Late Registration","","",""
"Not uploaded","Touch The Sky - Live At Abbey Road Studios","Kanye West, Lupe Fiasco","Late Orchestration","","",""
"Not uploaded","Touch and Go","Ed Sheeran","x (10th Anniversary Edition)","","",""
"Not uploaded","Touch and Go","Ed Sheeran","x (Wembley Edition)","","",""
"Not uploaded","Touch and Go","Ed Sheeran","my forgotten favourites","","",""
"Not uploaded","Toughest - Bonus Track","Ed Sheeran","- (Deluxe)","","",""
"Not uploaded","Tourette's","Nirvana","In Utero (Super Deluxe Edition)","","",""
"Not uploaded","Tourette's","Nirvana","In Utero (Deluxe Edition)","","",""
"Not uploaded","Tourette's","Nirvana","In Utero","","",""
"Not uploaded","Tourette's - 1992/Live at Reading","Nirvana","Live at Reading","","",""
"Not uploaded","Tourette's - 2013 Mix","Nirvana","In Utero (Super Deluxe Edition)","","",""
"Not uploaded","Tourette's - 2013 Mix","Nirvana","In Utero (Deluxe Edition)","","",""
"Not uploaded","Tourette's - Demo / Instrumental","Nirvana","In Utero (Super Deluxe Edition)","","",""
"Not uploaded","Tourette's - Demo / Instrumental","Nirvana","In Utero (Deluxe Edition)","","",""
"Not uploaded","Tourette's - Live At Reading Festival, UK, August 30, 1992","Nirvana","From The Muddy Banks Of The Wishkah (Live)","","",""
"Not uploaded","Traash","The Edge Band","Alag","","",""
"Not uploaded","Traditional Swang","Tribal Rain","Roka Yo Samay","","",""
"Not uploaded","Train Kept A Rollin' - Live In Paris, Hippodrome De Vincennes - June 6, 1992","Guns N' Roses, Steven Tyler, Joe Perry","Use Your Illusion II (Deluxe Edition)","","",""
"Not uploaded","Transcending","Red Hot Chili Peppers","One Hot Minute (Deluxe Edition)","","",""
"Not uploaded","Transcending","Red Hot Chili Peppers","One Hot Minute","","",""
"Not uploaded","Transcending","Red Hot Chili Peppers","The Studio Album Collection 1991 - 2011","","",""
"Not uploaded","Trenches Street House Beat","Dj khalipha","Trenches Street House Beat","","",""
"Not uploaded","True Colors","The Weeknd","Starboy (Deluxe)","","",""
"Not uploaded","True Love","Kanye West, XXXTENTACION","True Love","","",""
"Not uploaded","True Men Don't Kill Coyotes","Red Hot Chili Peppers","What Hits!?","","",""
"Not uploaded","True Men Don't Kill Coyotes - 2002 Digital Remaster","Red Hot Chili Peppers","Red Hot Chili Peppers","","",""
"Not uploaded","Turn It Again","Red Hot Chili Peppers","Stadium Arcadium","","",""
"Not uploaded","Turnaround - BBC John Peel Session 1990","Nirvana","Incesticide","","",""
"Not uploaded","Twin Mara Street Beat","Dj khalipha, Jaguar Boys","Twin Mara Street Beat","","",""
"Not uploaded","Two Words","Kanye West, Mos Def, Freeway, The Boys Choir Of Harlem","The College Dropout","","",""
"Not uploaded","U.N.I.","Ed Sheeran","+","","",""
"Uploaded","USE THIS GOSPEL (feat. Kanye West & Eminem) - REMIX","DJ Khaled, Kanye West, Eminem","GOD DID","public/songs/DJ Khaled/GOD DID/USE THIS GOSPEL (feat. Kanye West & Eminem) - REMIX.mp3","/songs/DJ%20Khaled/GOD%20DID/USE%20THIS%20GOSPEL%20(feat.%20Kanye%20West%20%26%20Eminem)%20-%20REMIX.mp3","D:\vinyl-demo\public\songs\DJ Khaled\GOD DID\USE THIS GOSPEL (feat. Kanye West & Eminem) - REMIX.mp3"
"Not uploaded","Uff","Sushant KC, Indrakala Rai","Uff","","",""
"Not uploaded","Ujeli","Sajjan Raj Vaidya","Ujeli","","",""
"Not uploaded","Ujeli","Sajjan Raj Vaidya","Ujeli","","",""
"Not uploaded","Ujeli: Preface","Sajjan Raj Vaidya","Ujeli: Preface","","",""
"Not uploaded","Ultaa Paailaa","Sajjan Raj Vaidya","Ekadeshma","","",""
"Not uploaded","Ultaa Paailaa","Sajjan Raj Vaidya","Parkhaai","","",""
"Not uploaded","Ultaa Paailaa","Sajjan Raj Vaidya","Ultaa Paailaa","","",""
"Not uploaded","Ultralight Beam","Kanye West","The Life Of Pablo","","",""
"Not uploaded","Um Minuto de Sacanagem","Dj Thales Jql","Um Minuto de Sacanagem","","",""
"Not uploaded","Umer","Bartika Eam Rai","Taral","","",""
"Not uploaded","Umer 18/19","YABI The G.O.A.T","Umer 18/19","","",""
"Not uploaded","Under The Bridge","Red Hot Chili Peppers","What Hits!?","","",""
"Not uploaded","Under the Bridge","Red Hot Chili Peppers","Blood Sugar Sex Magik","","",""
"Not uploaded","Under the Bridge","Red Hot Chili Peppers","The Studio Album Collection 1991 - 2011","","",""
"Not uploaded","Under the Bridge","Red Hot Chili Peppers","Greatest Hits","","",""
"Not uploaded","Under the Tree (from “That Christmas”)","Ed Sheeran","Under the Tree (from “That Christmas”)","","",""
"Not uploaded","Universally Speaking","Red Hot Chili Peppers","By the Way (Deluxe Edition)","","",""
"Not uploaded","Universally Speaking","Red Hot Chili Peppers","By the Way","","",""
"Not uploaded","Universally Speaking","Red Hot Chili Peppers","The Studio Album Collection 1991 - 2011","","",""
"Not uploaded","Universally Speaking","Red Hot Chili Peppers","Greatest Hits","","",""
"Not uploaded","Until We're Skin & Bones","The Weeknd","Hurry Up Tomorrow","","",""
"Not uploaded","Up From The Ashes","Kanye West","Donda (Deluxe)","","",""
"Not uploaded","Use This Gospel","Kanye West, Clipse, Kenny G","JESUS IS KING","","",""
"Not uploaded","Used To Love Her","Guns N' Roses","G N' R Lies","","",""
"Not uploaded","Used To Love Her","Guns N' Roses","Appetite For Destruction (Super Deluxe Edition)","","",""
"Not uploaded","Used To Love Her - Live","Guns N' Roses","Live Era '87-'93 (Live - Deluxe Edition)","","",""
"Not uploaded","Used To Love Her - Live In Tokyo / 1988","Guns N' Roses","Live Era '87-'93","","",""
"Not uploaded","VIBE","Jamesy, YUNG TAMU, Yogi","VIBE","","",""
"Not uploaded","VULTURES","¥$, Kanye West, Ty Dolla $ign","VULTURES 1","","",""
"Not uploaded","VULTURES","¥$, Kanye West, Ty Dolla $ign, Bump J, Lil Durk","VULTURES PACK","","",""
"Not uploaded","VULTURES","¥$, Kanye West, Ty Dolla $ign, Bump J","VULTURES PACK","","",""
"Not uploaded","VULTURES","¥$, Kanye West, Ty Dolla $ign, Bump J","VULTURES","","",""
"Not uploaded","VULTURES","¥$, Kanye West, Ty Dolla $ign, Bump J, Lil Durk","VULTURES","","",""
"Not uploaded","VULTURES - Havoc Version","¥$, Kanye West, Ty Dolla $ign, Bump J, Lil Durk","VULTURES PACK","","",""
"Not uploaded","Vagwan","YABI The G.O.A.T","Vagwan","","",""
"Not uploaded","Vanana Matra","John Rai","Vanana Matra","","",""
"Not uploaded","Vega","Ed Sheeran","- (Deluxe)","","",""
"Not uploaded","Veja","Jamesy","Veja","","",""
"Not uploaded","Vem Ca Me Da","Dj Thales Jql","Vem Ca Me Da","","",""
"Not uploaded","Vem Fuder - Funk Versão","Dj Thales Jql","Vem Fuder (Funk Versão)","","",""
"Not uploaded","Vem pro Setor","DJ DIDI, Dj Thales Jql, Mc Rkostta, Mc Lukinha Da Lacoste, Mc Mr.Bim","Vem pro Setor","","",""
"Not uploaded","Venice Queen","Red Hot Chili Peppers","By the Way (Deluxe Edition)","","",""
"Not uploaded","Venice Queen","Red Hot Chili Peppers","By the Way","","",""
"Not uploaded","Veronica","Red Hot Chili Peppers","Unlimited Love","","",""
"Not uploaded","Verse Chorus Verse - Boombox Rehearsals","Nirvana","Nevermind (Super Deluxe Edition)","","",""
"Not uploaded","Verse Chorus Verse - Boombox Rehearsals","Nirvana","Nevermind (Deluxe Edition)","","",""
"Not uploaded","Verse Chorus Verse - Outtake","Nirvana","With The Lights Out - Box Set","","",""
"Not uploaded","Very Ape","Nirvana","In Utero (Super Deluxe Edition)","","",""
"Not uploaded","Very Ape","Nirvana","In Utero (Deluxe Edition)","","",""
"Not uploaded","Very Ape","Nirvana","In Utero","","",""
"Not uploaded","Very Ape - 2013 Mix","Nirvana","In Utero (Super Deluxe Edition)","","",""
"Not uploaded","Very Ape - 2013 Mix","Nirvana","In Utero (Deluxe Edition)","","",""
"Not uploaded","Very Ape - 2023 Remaster","Nirvana","In Utero (30th Anniversary Super Deluxe)","","",""
"Not uploaded","Very Ape - Demo / Instrumental","Nirvana","In Utero (Super Deluxe Edition)","","",""
"Not uploaded","Very Ape - Demo / Instrumental","Nirvana","In Utero (Deluxe Edition)","","",""
"Not uploaded","Victorian Machinery","Red Hot Chili Peppers","Magpies on Fire / Victorian Machinery","","",""
"Not uploaded","Violent Crimes","Kanye West","ye","","",""
"Not uploaded","Violin Mara Dance Beat","Dj khalipha","Violin Mara Dance Beat","","",""
"Not uploaded","Virginia Beach","Drake","For All The Dogs","","",""
"Not uploaded","Visiting Hours","Ed Sheeran","= (Tour Edition)","","",""
"Not uploaded","Visiting Hours","Ed Sheeran","=","","",""
"Not uploaded","Voodoo Child (Slight Return) / Civil War - Live In New York, Ritz Theatre - May 16, 1991","Guns N' Roses","Use Your Illusion (Super Deluxe)","","",""
"Not uploaded","Voodoo Child (Slight Return) / Civil War / Voodoo Child (Slight Return) - Live In Las Vegas, Thomas & Mack Center - January 25, 1992","Guns N' Roses","Use Your Illusion II (Deluxe Edition)","","",""
"Not uploaded","Vou Penetrar","Dj Thales Jql","A Revolta do Jql","","",""
"Not uploaded","Vou tacar pau na tchequinha","Dj Thales Jql, Dj Adrien Martins, Mc Duffs","Vou tacar pau na tchequinha","","",""
"Not uploaded","Vulgo Malvadão","Dj Thales Jql","Vulgo Malvadão","","",""
"Not uploaded","WAR","Jamesy, Yogeshbeats","WAR","","",""
"Not uploaded","WAY PAST LUCK (feat. 21 Savage)","DJ Khaled, 21 Savage","GOD DID","","",""
"Not uploaded","WAY PAST LUCK (feat. 21 Savage)","DJ Khaled, 21 Savage","WAY PAST LUCK (feat. 21 Savage)","","",""
"Not uploaded","WE GOING CRAZY (feat. H.E.R. & Migos)","DJ Khaled, H.E.R., Migos","WE GOING CRAZY (feat. H.E.R. & Migos)","","",""
"Not uploaded","WEEEEEE","YABI The G.O.A.T, Gwala$, PURPLE","WEEEEEE","","",""
"Not uploaded","WHOLE LOTTA","Jamesy, AYG","WHOLE LOTTA","","",""
"Not uploaded","WILDFLOWER","Billie Eilish","HIT ME HARD AND SOFT","","",""
"Not uploaded","Waitin' 4 the Word","Jesus Of Swaggerath","Panther Black","","",""
"Not uploaded","Wake Me Up","Ed Sheeran","+","","",""
"Not uploaded","Wake Me Up (feat. Justice)","The Weeknd, Justice","Hurry Up Tomorrow","","",""
"Not uploaded","Wake Me Up - Live at the Bedford","Ed Sheeran","5","","",""
"Not uploaded","Wake Me Up - Live at the Bedford","Ed Sheeran","Live at the Bedford","","",""
"Not uploaded","Wake Up Mr. West","Kanye West","Late Registration","","",""
"Not uploaded","Walkabout","Red Hot Chili Peppers","One Hot Minute (Deluxe Edition)","","",""
"Not uploaded","Walkabout","Red Hot Chili Peppers","One Hot Minute","","",""
"Not uploaded","Walkabout","Red Hot Chili Peppers","The Studio Album Collection 1991 - 2011","","",""
"Not uploaded","Walkin' On Down The Road","Red Hot Chili Peppers","The Uplift Mofo Party Plan","","",""
"Not uploaded","War Game","Ed Sheeran","Play (Extended Edition)","","",""
"Not uploaded","Warlocks","Red Hot Chili Peppers","Stadium Arcadium","","",""
"Not uploaded","Warm Tape","Red Hot Chili Peppers","By the Way (Deluxe Edition)","","",""
"Not uploaded","Warm Tape","Red Hot Chili Peppers","By the Way","","",""
"Not uploaded","Warped","Red Hot Chili Peppers","One Hot Minute (Deluxe Edition)","","",""
"Not uploaded","Warped","Red Hot Chili Peppers","One Hot Minute","","",""
"Not uploaded","Warped","Red Hot Chili Peppers","The Studio Album Collection 1991 - 2011","","",""
"Not uploaded","Wash Us In The Blood","Kanye West, Travis Scott","Wash Us In The Blood","","",""
"Not uploaded","Water","Kanye West, Ant Clemons","JESUS IS KING","","",""
"Not uploaded","Waves","Kanye West","The Life Of Pablo","","",""
"Not uploaded","Way Around","DJ Bishow, Purple, Gwala$, Ninda Ers","PROJECT COLLABORATION (DELUXE)","","",""
"Not uploaded","Way Around","DJ Bishow, Purple, Gwala$, Ninda Ers","PROJECT COLLABORATION","","",""
"Not uploaded","Way Around","DJ Bishow, Gwala$, G-Jas, Ninda Ers","Way Around","","",""
"Not uploaded","Way To Break My Heart (feat. Skrillex)","Ed Sheeran, Skrillex","No.6 Collaborations Project","","",""
"Not uploaded","We Believe","Red Hot Chili Peppers","Stadium Arcadium","","",""
"Not uploaded","We Don't Care","Kanye West","The College Dropout","","",""
"Not uploaded","We Major","Kanye West, Nas, Really Doe","Late Registration","","",""
"Not uploaded","We Set The Trends (feat. Migos & ‎Juelz Santana) - Remix","Jim Jones, Lil Wayne, DJ Khaled, Migos, Juelz Santana","We Set The Trends (Remix) [feat. ‎Migos & Juelz Santana]","","",""
"Not uploaded","We Takin' Over","DJ Khaled","We The Best","","",""
"Not uploaded","We Turn Red","Red Hot Chili Peppers","The Getaway","","",""
"Not uploaded","We Turn Red","Red Hot Chili Peppers","We Turn Red","","",""
"Not uploaded","We Will Piano Riddim","Dj khalipha","Rave Sound","","",""
"Not uploaded","Weather the Storm (feat. Meek Mill & Lil Baby)","DJ Khaled, Meek Mill, Lil Baby","Father Of Asahd","","",""
"Not uploaded","Welcome To Heartbreak","Kanye West, Kid Cudi","808s & Heartbreak","","",""
"Uploaded","Welcome To The Jungle","JAŸ-Z, Kanye West","Watch The Throne (Deluxe)","public/songs/JAŸ-Z/Watch The Throne (Deluxe)/Welcome To The Jungle.mp3","/songs/JA%C5%B8-Z/Watch%20The%20Throne%20(Deluxe)/Welcome%20To%20The%20Jungle.mp3","D:\vinyl-demo\public\songs\JAŸ-Z\Watch The Throne (Deluxe)\Welcome To The Jungle.mp3"
"Not uploaded","Welcome To The Jungle","Guns N' Roses","Appetite For Destruction (Super Deluxe Edition)","","",""
"Not uploaded","Welcome To The Jungle","Guns N' Roses","Appetite For Destruction","","",""
"Not uploaded","Welcome To The Jungle","Guns N' Roses","Greatest Hits","","",""
"Not uploaded","Welcome To The Jungle - 1986 Sound City Session","Guns N' Roses","Appetite For Destruction (Super Deluxe Edition)","","",""
"Not uploaded","Welcome To The Jungle - 1986 Sound City Session","Guns N' Roses","Welcome To The Jungle (1986 Sound City Session)","","",""
"Not uploaded","Welcome To The Jungle - Live","Guns N' Roses","Live Era '87-'93 (Live - Deluxe Edition)","","",""
"Not uploaded","Welcome To The Jungle - Live In Argentina / 1992","Guns N' Roses","Live Era '87-'93","","",""
"Not uploaded","Welcome To The Jungle - Live In New York, Ritz Theatre - May 16, 1991","Guns N' Roses","Use Your Illusion (Super Deluxe)","","",""
"Not uploaded","Welcome To The World","Ed Sheeran","= (Tour Edition)","","",""
"Not uploaded","Wet Sand","Red Hot Chili Peppers","Stadium Arcadium","","",""
"Not uploaded","What Do I Know?","Ed Sheeran","Divide ÷ (Deluxe)","","",""
"Not uploaded","What It Is (AKA Nina's Song) - Demo Version","Red Hot Chili Peppers","Red Hot Chili Peppers","","",""
"Uploaded","What it Feels Like","JAŸ-Z, Nipsey Hussle","","public/songs/JAŸ-Z/What it Feels Like.mp3","/songs/JA%C5%B8-Z/What%20it%20Feels%20Like.mp3","D:\vinyl-demo\public\songs\JAŸ-Z\What it Feels Like.mp3"
"Not uploaded","Whatchu Thinkin'","Red Hot Chili Peppers","Unlimited Love","","",""
"Not uploaded","Whatever We Want","Red Hot Chili Peppers","Dani California","","",""
"Not uploaded","When Will I Be Alright","Ed Sheeran","Autumn Variations (Fan Living Room Sessions)","","",""
"Not uploaded","When Will I Be Alright","Ed Sheeran","Autumn Variations","","",""
"Not uploaded","When Will I Be Alright - Live from Kristen’s Living Room","Ed Sheeran","Autumn Variations (Fan Living Room Sessions)","","",""
"Not uploaded","Where Did You Sleep Last Night - Live","Nirvana","MTV Unplugged In New York (25th Anniversary)","","",""
"Not uploaded","Where Did You Sleep Last Night - Live","Nirvana","MTV Unplugged In New York","","",""
"Not uploaded","Where Did You Sleep Last Night - Solo Acoustic Demo","Nirvana","With The Lights Out - Box Set","","",""
"Not uploaded","Where They At","French Montana, Kanye West, Westside Gunn","Where They At","","",""
"Not uploaded","Where We Land","Ed Sheeran","5","","",""
"Not uploaded","White Braids & Pillow Chair","Red Hot Chili Peppers","Unlimited Love","","",""
"Not uploaded","White Lace And Strange - Live","Nirvana","With The Lights Out - Box Set","","",""
"Uploaded","Who Gon Stop Me","JAŸ-Z, Kanye West","Watch The Throne (Deluxe)","public/songs/JAŸ-Z/Watch The Throne (Deluxe)/Who Gon Stop Me.mp3","/songs/JA%C5%B8-Z/Watch%20The%20Throne%20(Deluxe)/Who%20Gon%20Stop%20Me.mp3","D:\vinyl-demo\public\songs\JAŸ-Z\Watch The Throne (Deluxe)\Who Gon Stop Me.mp3"
"Not uploaded","Who Will Survive In America","Kanye West","My Beautiful Dark Twisted Fantasy","","",""
"Not uploaded","Whole Lotta Rosie - Live At The Marquee Club, London / 1987","Guns N' Roses","Appetite For Destruction (Super Deluxe Edition)","","",""
"Not uploaded","Who’s Afraid of Little Old Me?","Taylor Swift","THE TORTURED POETS DEPARTMENT: THE ANTHOLOGY","","",""
"Not uploaded","Why Don't You Love Me - 2002 Digital Remaster","Red Hot Chili Peppers","Red Hot Chili Peppers","","",""
"Uploaded","Why I Love You","JAŸ-Z, Kanye West, Mr Hudson","Watch The Throne (Deluxe)","public/songs/JAŸ-Z/Watch The Throne (Deluxe)/Why I Love You.mp3","/songs/JA%C5%B8-Z/Watch%20The%20Throne%20(Deluxe)/Why%20I%20Love%20You.mp3","D:\vinyl-demo\public\songs\JAŸ-Z\Watch The Throne (Deluxe)\Why I Love You.mp3"
"Not uploaded","Wi$h Li$t","Taylor Swift","The Life of a Showgirl","","",""
"Not uploaded","Wi$h Li$t","Taylor Swift","The Life of a Showgirl + Acoustic Collection","","",""
"Not uploaded","Wild Horses - Live In Paris, Hippodrome De Vincennes - June 6, 1992","Guns N' Roses","Use Your Illusion I (Deluxe Edition)","","",""
"Not uploaded","Wildflowers - Bonus Track","Ed Sheeran","- (Deluxe)","","",""
"Not uploaded","Wolves","Kanye West","The Life Of Pablo","","",""
"Not uploaded","Wood","Taylor Swift","The Life of a Showgirl","","",""
"Not uploaded","Wood","Taylor Swift","The Life of a Showgirl + Acoustic Collection","","",""
"Not uploaded","Workout Plan","Kanye West","The College Dropout","","",""
"Not uploaded","Workout Plan - Live At Abbey Road Studios","Kanye West","Late Orchestration","","",""
"Not uploaded","Wouldn't Leave","Kanye West, PARTYNEXTDOOR","ye","","",""
"Not uploaded","XTCY","Kanye West","XTCY","","",""
"Not uploaded","Xerecão, Xerequinha","Dj Thales Jql, Dj Adrien Martins","Xerecão, Xerequinha","","",""
"Not uploaded","Ye vs. the People (starring TI as the People)","Kanye West","Ye vs. the People (starring TI as the People)","","",""
"Not uploaded","Yertle The Turtle - Remastered","Red Hot Chili Peppers","Freaky Styley","","",""
"Not uploaded","Yesterdays","Guns N' Roses","Use Your Illusion II","","",""
"Not uploaded","Yesterdays","Guns N' Roses","Greatest Hits","","",""
"Not uploaded","Yesterdays - 2022 Remaster","Guns N' Roses","Use Your Illusion II (Deluxe Edition)","","",""
"Not uploaded","Yesterdays - 2022 Remaster","Guns N' Roses","Use Your Illusion (Super Deluxe)","","",""
"Not uploaded","Yesterdays - Live","Guns N' Roses","Live Era '87-'93 (Live - Deluxe Edition)","","",""
"Not uploaded","Yesterdays - Live In Las Vegas / 1992","Guns N' Roses","Live Era '87-'93","","",""
"Not uploaded","Yikes","Kanye West","ye","","",""
"Not uploaded","Yo Dil Mero","The Edge Band","Mero Prayas","","",""
"Not uploaded","Yo Geet Timilai","DJ Bishow, Bizen, Yabesh Thapa","Yo Geet Timilai","","",""
"Not uploaded","Yo Junibhar","The Edge Band","Gantabya","","",""
"Not uploaded","Yo Mutu Mero","Yabesh Thapa","Yo Mutu Mero","","",""
"Not uploaded","Yo Saath","The Edge Band","Yo Saath","","",""
"Not uploaded","You (feat. Wiley)","Ed Sheeran, Wiley","5","","",""
"Not uploaded","You (feat. Wiley)","Ed Sheeran, Wiley","No.5 Collaborations Project","","",""
"Not uploaded","You Ain't The First","Guns N' Roses","Use Your Illusion I","","",""
"Not uploaded","You Ain't The First - 2022 Remaster","Guns N' Roses","Use Your Illusion I (Deluxe Edition)","","",""
"Not uploaded","You Ain't The First - 2022 Remaster","Guns N' Roses","Use Your Illusion (Super Deluxe)","","",""
"Not uploaded","You Ain't The First - Live In New York, Ritz Theatre - May 16, 1991","Guns N' Roses","Use Your Illusion I (Deluxe Edition)","","",""
"Not uploaded","You Ain't The First - Live In New York, Ritz Theatre - May 16, 1991","Guns N' Roses","Use Your Illusion (Super Deluxe)","","",""
"Not uploaded","You Always Sing The Same - 2002 Digital Remaster","Red Hot Chili Peppers","Red Hot Chili Peppers","","",""
"Not uploaded","You Can't Put Your Arms Around A Memory","Guns N' Roses","The Spaghetti Incident?","","",""
"Not uploaded","You Could Be Mine","Guns N' Roses","Use Your Illusion II","","",""
"Not uploaded","You Could Be Mine","Guns N' Roses","Greatest Hits","","",""
"Not uploaded","You Could Be Mine - 2022 Remaster","Guns N' Roses","Use Your Illusion II (Deluxe Edition)","","",""
"Not uploaded","You Could Be Mine - 2022 Remaster","Guns N' Roses","Use Your Illusion (Super Deluxe)","","",""
"Not uploaded","You Could Be Mine - Live","Guns N' Roses","Live Era '87-'93 (Live - Deluxe Edition)","","",""
"Not uploaded","You Could Be Mine - Live In Japan / 1992","Guns N' Roses","Live Era '87-'93","","",""
"Not uploaded","You Could Be Mine - Live In New York, Ritz Theatre - May 16, 1991","Guns N' Roses","Use Your Illusion II (Deluxe Edition)","","",""
"Not uploaded","You Could Be Mine - Live In New York, Ritz Theatre - May 16, 1991","Guns N' Roses","Use Your Illusion (Super Deluxe)","","",""
"Not uploaded","You Know You're Right","Nirvana","Nirvana","","",""
"Not uploaded","You Know You're Right - Home Demo","Nirvana","Sliver - The Best Of The Box","","",""
"Not uploaded","You Need Me, I Don't Need You","Ed Sheeran","+-=÷× (Tour Collection: Live)","","",""
"Not uploaded","You Need Me, I Don't Need You","Ed Sheeran","+-=÷× (Tour Collection)","","",""
"Not uploaded","You Need Me, I Don't Need You","Ed Sheeran","5","","",""
"Not uploaded","You Need Me, I Don't Need You","Ed Sheeran","+","","",""
"Not uploaded","You Need Me, I Don't Need You","Ed Sheeran","names in lights at stadium heights","","",""
"Not uploaded","You Need Me, I Don't Need You","Ed Sheeran","songs I wrote that almost didn't make it","","",""
"Not uploaded","You Need Me, I Don't Need You - Live","Ed Sheeran","+-=÷× (Tour Collection: Live)","","",""
"Not uploaded","You Need Me, I Don't Need You - Live at the Bedford","Ed Sheeran","5","","",""
"Not uploaded","You Need Me, I Don't Need You - Live at the Bedford","Ed Sheeran","Live at the Bedford","","",""
"Not uploaded","You Stay (feat. Meek Mill, J Balvin, Lil Baby & Jeremih)","DJ Khaled, Meek Mill, J Balvin, Lil Baby, Jeremih","Father Of Asahd","","",""
"Not uploaded","You Stay (feat. Meek Mill, J Balvin, Lil Baby & Jeremih)","DJ Khaled, Meek Mill, J Balvin, Lil Baby, Jeremih","You Stay (feat. Lil Baby & Jeremih)","","",""
"Not uploaded","You're Crazy","Guns N' Roses","G N' R Lies","","",""
"Not uploaded","You're Crazy","Guns N' Roses","Appetite For Destruction (Super Deluxe Edition)","","",""
"Not uploaded","You're Crazy","Guns N' Roses","Appetite For Destruction (Super Deluxe Edition)","","",""
"Not uploaded","You're Crazy","Guns N' Roses","Appetite For Destruction","","",""
"Not uploaded","You're Crazy - 1986 Sound City Session","Guns N' Roses","Appetite For Destruction (Super Deluxe Edition)","","",""
"Not uploaded","You're Crazy - Acoustic Version","Guns N' Roses","Appetite For Destruction (Super Deluxe Edition)","","",""
"Not uploaded","You're Crazy - Acoustic Version / 1986 Sound City Session","Guns N' Roses","Appetite For Destruction (Super Deluxe Edition)","","",""
"Not uploaded","You're Crazy - Live","Guns N' Roses","Live Era '87-'93 (Live - Deluxe Edition)","","",""
"Not uploaded","You're Crazy - Live In Tokyo / 1988","Guns N' Roses","Live Era '87-'93","","",""
"Not uploaded","Your Eyes Girl","Red Hot Chili Peppers","Pink as Floyd / Your Eyes Girl","","",""
"Not uploaded","ZALI ZAMANA","Jamesy, Manas Ghale","ZALI ZAMANA","","",""
"Not uploaded","all the good girls go to hell","Billie Eilish","WHEN WE ALL FALL ASLEEP, WHERE DO WE GO?","","",""
"Not uploaded","bad guy","Billie Eilish","WHEN WE ALL FALL ASLEEP, WHERE DO WE GO?","","",""
"Not uploaded","bury a friend","Billie Eilish","WHEN WE ALL FALL ASLEEP, WHERE DO WE GO?","","",""
"Not uploaded","jharisangadulchu - outro/ epilogue","Bartika Eam Rai","Aandhii, Ityaadi","","",""
"Not uploaded","mara lati india","Dj khalipha, Arab Money","mara lati india","","",""
"Not uploaded","my future","Billie Eilish","Happier Than Ever","","",""
"Not uploaded","my strange addiction","Billie Eilish","WHEN WE ALL FALL ASLEEP, WHERE DO WE GO?","","",""
"Not uploaded","sangai - Devi Deuta II","Tribal Rain","Bharma","","",""
"Not uploaded","tourette's - 2023 Remaster","Nirvana","In Utero (30th Anniversary Super Deluxe)","","",""
"Not uploaded","udirahechan","Swar, Swapnil Sharma, Rohit Shakya","udirahechan","","",""
"Not uploaded","when the party's over","Billie Eilish","WHEN WE ALL FALL ASLEEP, WHERE DO WE GO?","","",""
"Not uploaded","wish you were gay","Billie Eilish","WHEN WE ALL FALL ASLEEP, WHERE DO WE GO?","","",""
"Not uploaded","xanny","Billie Eilish","WHEN WE ALL FALL ASLEEP, WHERE DO WE GO?","","",""
"Not uploaded","you should see me in a crown","Billie Eilish","WHEN WE ALL FALL ASLEEP, WHERE DO WE GO?","","",""